"GeoFips","GeoName","2018"
"01001","Autauga, AL",41618
"01003","Baldwin, AL",45596
"01005","Barbour, AL",35199
"01007","Bibb, AL",30254
"01009","Blount, AL",34976
"01011","Bullock, AL",28797
"01013","Butler, AL",36450
"01015","Calhoun, AL",37120
"01017","Chambers, AL",33859
"01019","Cherokee, AL",35505
"01021","Chilton, AL",34798
"01023","Choctaw, AL",39280
"01025","Clarke, AL",36361
"01027","Clay, AL",33530
"01029","Cleburne, AL",36159
"01031","Coffee, AL",43094
"01033","Colbert, AL",38378
"01035","Conecuh, AL",32656
"01037","Coosa, AL",31328
"01039","Covington, AL",35651
"01041","Crenshaw, AL",36645
"01043","Cullman, AL",39607
"01045","Dale, AL",36613
"01047","Dallas, AL",36026
"01049","DeKalb, AL",31916
"01051","Elmore, AL",42269
"01053","Escambia, AL",32996
"01055","Etowah, AL",36918
"01057","Fayette, AL",34966
"01059","Franklin, AL",34318
"01061","Geneva, AL",35192
"01063","Greene, AL",32359
"01065","Hale, AL",36585
"01067","Henry, AL",40360
"01069","Houston, AL",42398
"01071","Jackson, AL",36567
"01073","Jefferson, AL",54730
"01075","Lamar, AL",33496
"01077","Lauderdale, AL",37151
"01079","Lawrence, AL",34125
"01081","Lee, AL",38036
"01083","Limestone, AL",42546
"01085","Lowndes, AL",38991
"01087","Macon, AL",32919
"01089","Madison, AL",51445
"01091","Marengo, AL",39801
"01093","Marion, AL",33264
"01095","Marshall, AL",36044
"01097","Mobile, AL",38243
"01099","Monroe, AL",33456
"01101","Montgomery, AL",43688
"01103","Morgan, AL",39991
"01105","Perry, AL",30535
"01107","Pickens, AL",32551
"01109","Pike, AL",37359
"01111","Randolph, AL",32411
"01113","Russell, AL",33104
"01115","St. Clair, AL",38569
"01117","Shelby, AL",54369
"01119","Sumter, AL",31664
"01121","Talladega, AL",34718
"01123","Tallapoosa, AL",40696
"01125","Tuscaloosa, AL",38822
"01127","Walker, AL",40197
"01129","Washington, AL",36323
"01131","Wilcox, AL",32215
"01133","Winston, AL",35430
"02010","Aleutian Islands Census Area, AK*",
"02013","Aleutians East Borough, AK*",56676
"02016","Aleutians West Census Area, AK*",54385
"02020","Anchorage Municipality, AK",66510
"02050","Bethel Census Area, AK*",43500
"02060","Bristol Bay Borough, AK",143575
"02068","Denali Borough, AK*",82919
"02070","Dillingham Census Area, AK*",59621
"02090","Fairbanks North Star Borough, AK",56606
"02100","Haines Borough, AK",67059
"02105","Hoonah-Angoon Census Area, AK*",61752
"02110","Juneau City and Borough, AK",68145
"02122","Kenai Peninsula Borough, AK",52015
"02130","Ketchikan Gateway Borough, AK*",67602
"02150","Kodiak Island Borough, AK",63938
"02158","Kusilvak Census Area, AK*",30099
"02164","Lake and Peninsula Borough, AK*",65414
"02170","Matanuska-Susitna Borough, AK",45897
"02180","Nome Census Area, AK*",51378
"02185","North Slope Borough, AK",83489
"02188","Northwest Arctic Borough, AK",47854
"02195","Petersburg Borough, AK*",69995
"02198","Prince of Wales-Hyder Census Area, AK*",43707
"02201","Prince of Wales-Outer Ketchikan Census Area, AK*",
"02220","Sitka City and Borough, AK",71972
"02230","Skagway Municipality, AK*",81471
"02231","Skagway-Yakutat-Angoon Census Area, AK*",
"02232","Skagway-Hoonah-Angoon Census Area, AK*",
"02240","Southeast Fairbanks Census Area, AK*",49398
"02261","Valdez-Cordova Census Area, AK*",62307
"02275","Wrangell City and Borough, AK*",47658
"02280","Wrangell-Petersburg Census Area, AK*",
"02282","Yakutat City and Borough, AK*",58937
"02290","Yukon-Koyukuk Census Area, AK*",59010
"02901","Aleutian Islands Division, AK*",
"02903","Angoon Division, AK*",
"02904","Barrow-North Slope Division, AK*",
"02905","Bethel Division, AK*",
"02907","Bristol Bay Division, AK*",
"02908","Cordova-McCarthy Division, AK*",
"02910","Haines Division, AK*",
"02912","Kenai-Cook Inlet Division, AK*",
"02916","Kuskokwim Division, AK*",
"02919","Outer Ketchikan Division, AK*",
"02920","Prince of Wales Division, AK*",
"02921","Seward Division, AK*",
"02922","Sitka Division, AK*",
"02923","Skagway-Yakutat Division, AK*",
"02924","Southeast Fairbanks Division, AK*",
"02925","Upper Yukon Division, AK*",
"02926","Valdez-Chitina-Whittier Division, AK*",
"02928","Wrangell-Petersburg Division, AK*",
"02929","Yukon-Koyukuk Division, AK*",
"04001","Apache, AZ",34355
"04003","Cochise, AZ",40308
"04005","Coconino, AZ",48129
"04007","Gila, AZ",40267
"04009","Graham, AZ",31597
"04011","Greenlee, AZ",39855
"04012","La Paz, AZ*",30948
"04013","Maricopa, AZ",47694
"04015","Mohave, AZ",33148
"04017","Navajo, AZ",32165
"04019","Pima, AZ",44028
"04021","Pinal, AZ",30644
"04023","Santa Cruz, AZ",39057
"04025","Yavapai, AZ",40312
"04027","Yuma, AZ*",35682
"05001","Arkansas, AR",45290
"05003","Ashley, AR",34813
"05005","Baxter, AR",37106
"05007","Benton, AR",88890
"05009","Boone, AR",36089
"05011","Bradley, AR",39491
"05013","Calhoun, AR",34426
"05015","Carroll, AR",33690
"05017","Chicot, AR",36293
"05019","Clark, AR",36314
"05021","Clay, AR",34149
"05023","Cleburne, AR",38307
"05025","Cleveland, AR",40344
"05027","Columbia, AR",38749
"05029","Conway, AR",38191
"05031","Craighead, AR",37531
"05033","Crawford, AR",32952
"05035","Crittenden, AR",36978
"05037","Cross, AR",35949
"05039","Dallas, AR",34645
"05041","Desha, AR",37828
"05043","Drew, AR",37148
"05045","Faulkner, AR",37598
"05047","Franklin, AR",34275
"05049","Fulton, AR",28994
"05051","Garland, AR",40004
"05053","Grant, AR",38201
"05055","Greene, AR",34895
"05057","Hempstead, AR",32515
"05059","Hot Spring, AR",30580
"05061","Howard, AR",35292
"05063","Independence, AR",35086
"05065","Izard, AR",30608
"05067","Jackson, AR",35880
"05069","Jefferson, AR",35356
"05071","Johnson, AR",28970
"05073","Lafayette, AR",36292
"05075","Lawrence, AR",35126
"05077","Lee, AR",27619
"05079","Lincoln, AR",27002
"05081","Little River, AR",34086
"05083","Logan, AR",34490
"05085","Lonoke, AR",38764
"05087","Madison, AR",35496
"05089","Marion, AR",30743
"05091","Miller, AR",33401
"05093","Mississippi, AR",31428
"05095","Monroe, AR",32651
"05097","Montgomery, AR",30834
"05099","Nevada, AR",34180
"05101","Newton, AR",28808
"05103","Ouachita, AR",36907
"05105","Perry, AR",34877
"05107","Phillips, AR",31128
"05109","Pike, AR",33113
"05111","Poinsett, AR",32315
"05113","Polk, AR",30751
"05115","Pope, AR",35261
"05117","Prairie, AR",35935
"05119","Pulaski, AR",51185
"05121","Randolph, AR",33486
"05123","St. Francis, AR",27948
"05125","Saline, AR",41397
"05127","Scott, AR",31401
"05129","Searcy, AR",28511
"05131","Sebastian, AR",42110
"05133","Sevier, AR",31436
"05135","Sharp, AR",32012
"05137","Stone, AR",31086
"05139","Union, AR",46474
"05141","Van Buren, AR",31176
"05143","Washington, AR",40247
"05145","White, AR",35445
"05147","Woodruff, AR",37545
"05149","Yell, AR",33320
"06001","Alameda, CA",76644
"06003","Alpine, CA",73307
"06005","Amador, CA",44793
"06007","Butte, CA",44346
"06009","Calaveras, CA",49893
"06011","Colusa, CA",49094
"06013","Contra Costa, CA",82506
"06015","Del Norte, CA",37268
"06017","El Dorado, CA",67464
"06019","Fresno, CA",43084
"06021","Glenn, CA",48613
"06023","Humboldt, CA",48739
"06025","Imperial, CA",36974
"06027","Inyo, CA",61358
"06029","Kern, CA",39703
"06031","Kings, CA",35306
"06033","Lake, CA",43185
"06035","Lassen, CA",37844
"06037","Los Angeles, CA",62224
"06039","Madera, CA",39897
"06041","Marin, CA",134275
"06043","Mariposa, CA",53143
"06045","Mendocino, CA",50150
"06047","Merced, CA",38519
"06049","Modoc, CA",44822
"06051","Mono, CA",51325
"06053","Monterey, CA",56193
"06055","Napa, CA",74984
"06057","Nevada, CA",61799
"06059","Orange, CA",69268
"06061","Placer, CA",66700
"06063","Plumas, CA",53599
"06065","Riverside, CA",40637
"06067","Sacramento, CA",52544
"06069","San Benito, CA",53822
"06071","San Bernardino, CA",40316
"06073","San Diego, CA",61386
"06075","San Francisco, CA",130696
"06077","San Joaquin, CA",44995
"06079","San Luis Obispo, CA",58491
"06081","San Mateo, CA",126392
"06083","Santa Barbara, CA",62690
"06085","Santa Clara, CA",107877
"06087","Santa Cruz, CA",69355
"06089","Shasta, CA",46582
"06091","Sierra, CA",46615
"06093","Siskiyou, CA",45065
"06095","Solano, CA",51664
"06097","Sonoma, CA",64501
"06099","Stanislaus, CA",44120
"06101","Sutter, CA",44535
"06103","Tehama, CA",42483
"06105","Trinity, CA",40640
"06107","Tulare, CA",40420
"06109","Tuolumne, CA",47838
"06111","Ventura, CA",61712
"06113","Yolo, CA",54118
"06115","Yuba, CA",40929
"08001","Adams, CO*",43315
"08003","Alamosa, CO",37351
"08005","Arapahoe, CO",60180
"08007","Archuleta, CO",41947
"08009","Baca, CO",40968
"08011","Bent, CO",27574
"08013","Boulder, CO*",73394
"08014","Broomfield, CO*",66410
"08015","Chaffee, CO",46998
"08017","Cheyenne, CO",56699
"08019","Clear Creek, CO",61300
"08021","Conejos, CO",36894
"08023","Costilla, CO",34282
"08025","Crowley, CO",19141
"08027","Custer, CO",41681
"08029","Delta, CO",38855
"08031","Denver, CO",79849
"08033","Dolores, CO",34935
"08035","Douglas, CO",73662
"08037","Eagle, CO",78152
"08039","Elbert, CO",57334
"08041","El Paso, CO",48467
"08043","Fremont, CO",35435
"08045","Garfield, CO",59653
"08047","Gilpin, CO",48128
"08049","Grand, CO",49845
"08051","Gunnison, CO",47149
"08053","Hinsdale, CO",50698
"08055","Huerfano, CO",42459
"08057","Jackson, CO",49723
"08059","Jefferson, CO*",63536
"08061","Kiowa, CO",50117
"08063","Kit Carson, CO",37274
"08065","Lake, CO",37106
"08067","La Plata, CO",55807
"08069","Larimer, CO",54188
"08071","Las Animas, CO",40765
"08073","Lincoln, CO",28828
"08075","Logan, CO",48161
"08077","Mesa, CO",44935
"08079","Mineral, CO",71095
"08081","Moffat, CO",42130
"08083","Montezuma, CO",42998
"08085","Montrose, CO",39930
"08087","Morgan, CO",45685
"08089","Otero, CO",38190
"08091","Ouray, CO",59639
"08093","Park, CO",45113
"08095","Phillips, CO",44399
"08097","Pitkin, CO",149207
"08099","Prowers, CO",42259
"08101","Pueblo, CO",39511
"08103","Rio Blanco, CO",46809
"08105","Rio Grande, CO",46717
"08107","Routt, CO",83702
"08109","Saguache, CO",30172
"08111","San Juan, CO",44029
"08113","San Miguel, CO",85432
"08115","Sedgwick, CO",49004
"08117","Summit, CO",67763
"08119","Teller, CO",49197
"08121","Washington, CO",44687
"08123","Weld, CO*",46172
"08125","Yuma, CO",50364
"09001","Fairfield, CT",120630
"09003","Hartford, CT",64853
"09005","Litchfield, CT",64949
"09007","Middlesex, CT",68673
"09009","New Haven, CT",56650
"09011","New London, CT",59264
"09013","Tolland, CT",56614
"09015","Windham, CT",47264
"10001","Kent, DE",42023
"10003","New Castle, DE",56745
"10005","Sussex, DE",50333
"11001","District of Columbia, DC",82005
"12001","Alachua, FL",44390
"12003","Baker, FL",32313
"12005","Bay, FL",43231
"12007","Bradford, FL",33557
"12009","Brevard, FL",45425
"12011","Broward, FL",50269
"12013","Calhoun, FL",26873
"12015","Charlotte, FL",41564
"12017","Citrus, FL",37920
"12019","Clay, FL",42909
"12021","Collier, FL",92686
"12023","Columbia, FL",35074
"12027","DeSoto, FL",23610
"12029","Dixie, FL",27956
"12031","Duval, FL",46174
"12033","Escambia, FL",42537
"12035","Flagler, FL",46220
"12037","Franklin, FL",35988
"12039","Gadsden, FL",35139
"12041","Gilchrist, FL",33774
"12043","Glades, FL",24467
"12045","Gulf, FL",35701
"12047","Hamilton, FL",26016
"12049","Hardee, FL",28285
"12051","Hendry, FL",31071
"12053","Hernando, FL",36878
"12055","Highlands, FL",33453
"12057","Hillsborough, FL",47000
"12059","Holmes, FL",30468
"12061","Indian River, FL",76059
"12063","Jackson, FL",32106
"12065","Jefferson, FL",40736
"12067","Lafayette, FL",24148
"12069","Lake, FL",42190
"12071","Lee, FL",51266
"12073","Leon, FL",44482
"12075","Levy, FL",35204
"12077","Liberty, FL",23582
"12079","Madison, FL",31675
"12081","Manatee, FL",47378
"12083","Marion, FL",36997
"12085","Martin, FL",83873
"12086","Miami-Dade, FL",50022
"12087","Monroe, FL",92119
"12089","Nassau, FL",57877
"12091","Okaloosa, FL",48875
"12093","Okeechobee, FL",30661
"12095","Orange, FL",44647
"12097","Osceola, FL",33346
"12099","Palm Beach, FL",79760
"12101","Pasco, FL",40313
"12103","Pinellas, FL",53455
"12105","Polk, FL",35463
"12107","Putnam, FL",31773
"12109","St. Johns, FL",68149
"12111","St. Lucie, FL",39374
"12113","Santa Rosa, FL",44527
"12115","Sarasota, FL",64868
"12117","Seminole, FL",49049
"12119","Sumter, FL",46100
"12121","Suwannee, FL",33068
"12123","Taylor, FL",30346
"12125","Union, FL",22227
"12127","Volusia, FL",42374
"12129","Wakulla, FL",37026
"12131","Walton, FL",59728
"12133","Washington, FL",29414
"13001","Appling, GA",33268
"13003","Atkinson, GA",30511
"13005","Bacon, GA",33080
"13007","Baker, GA",38666
"13009","Baldwin, GA",33203
"13011","Banks, GA",36276
"13013","Barrow, GA",36898
"13015","Bartow, GA",38298
"13017","Ben Hill, GA",31436
"13019","Berrien, GA",31535
"13021","Bibb, GA",41709
"13023","Bleckley, GA",33672
"13025","Brantley, GA",27413
"13027","Brooks, GA",34944
"13029","Bryan, GA",52456
"13031","Bulloch, GA",32382
"13033","Burke, GA",35524
"13035","Butts, GA",34297
"13037","Calhoun, GA",24638
"13039","Camden, GA",36113
"13043","Candler, GA",31385
"13045","Carroll, GA",38571
"13047","Catoosa, GA",35158
"13049","Charlton, GA",24976
"13051","Chatham, GA",47563
"13053","Chattahoochee, GA",31115
"13055","Chattooga, GA",30946
"13057","Cherokee, GA",51137
"13059","Clarke, GA",33970
"13061","Clay, GA",31520
"13063","Clayton, GA",28020
"13065","Clinch, GA",37548
"13067","Cobb, GA",57162
"13069","Coffee, GA",32644
"13071","Colquitt, GA",32526
"13073","Columbia, GA",49473
"13075","Cook, GA",32524
"13077","Coweta, GA",46438
"13079","Crawford, GA",33784
"13081","Crisp, GA",32540
"13083","Dade, GA",35640
"13085","Dawson, GA",45201
"13087","Decatur, GA",36150
"13089","DeKalb, GA",50871
"13091","Dodge, GA",30682
"13093","Dooly, GA",28297
"13095","Dougherty, GA",34744
"13097","Douglas, GA",35230
"13099","Early, GA",38945
"13101","Echols, GA",27880
"13103","Effingham, GA",41942
"13105","Elbert, GA",35448
"13107","Emanuel, GA",32187
"13109","Evans, GA",35212
"13111","Fannin, GA",35727
"13113","Fayette, GA",63515
"13115","Floyd, GA",38524
"13117","Forsyth, GA",62580
"13119","Franklin, GA",36672
"13121","Fulton, GA",84386
"13123","Gilmer, GA",35419
"13125","Glascock, GA",33931
"13127","Glynn, GA",46073
"13129","Gordon, GA",36947
"13131","Grady, GA",34899
"13133","Greene, GA",55396
"13135","Gwinnett, GA",41458
"13137","Habersham, GA",33925
"13139","Hall, GA",43701
"13141","Hancock, GA",29917
"13143","Haralson, GA",36508
"13145","Harris, GA",47469
"13147","Hart, GA",38125
"13149","Heard, GA",31144
"13151","Henry, GA",39184
"13153","Houston, GA",42625
"13155","Irwin, GA",32824
"13157","Jackson, GA",42211
"13159","Jasper, GA",40606
"13161","Jeff Davis, GA",29943
"13163","Jefferson, GA",34034
"13165","Jenkins, GA",29250
"13167","Johnson, GA",26195
"13169","Jones, GA",37618
"13171","Lamar, GA",33079
"13173","Lanier, GA",27561
"13175","Laurens, GA",37372
"13177","Lee, GA",47258
"13179","Liberty, GA",35805
"13181","Lincoln, GA",37333
"13183","Long, GA",27071
"13185","Lowndes, GA",37443
"13187","Lumpkin, GA",37427
"13189","McDuffie, GA",36982
"13191","McIntosh, GA",29519
"13193","Macon, GA",31028
"13195","Madison, GA",36557
"13197","Marion, GA",29333
"13199","Meriwether, GA",34847
"13201","Miller, GA",40826
"13205","Mitchell, GA",35069
"13207","Monroe, GA",44790
"13209","Montgomery, GA",29408
"13211","Morgan, GA",50541
"13213","Murray, GA",29968
"13215","Muscogee, GA",44149
"13217","Newton, GA",33750
"13219","Oconee, GA",66740
"13221","Oglethorpe, GA",37709
"13223","Paulding, GA",37727
"13225","Peach, GA",38066
"13227","Pickens, GA",47887
"13229","Pierce, GA",36065
"13231","Pike, GA",39851
"13233","Polk, GA",32368
"13235","Pulaski, GA",30358
"13237","Putnam, GA",41839
"13239","Quitman, GA",30902
"13241","Rabun, GA",41128
"13243","Randolph, GA",33238
"13245","Richmond, GA",38196
"13247","Rockdale, GA",35244
"13249","Schley, GA",30931
"13251","Screven, GA",35010
"13253","Seminole, GA",40217
"13255","Spalding, GA",34772
"13257","Stephens, GA",38915
"13259","Stewart, GA",22771
"13261","Sumter, GA",35847
"13263","Talbot, GA",34504
"13265","Taliaferro, GA",33927
"13267","Tattnall, GA",28406
"13269","Taylor, GA",30141
"13271","Telfair, GA",20923
"13273","Terrell, GA",40325
"13275","Thomas, GA",44355
"13277","Tift, GA",37805
"13279","Toombs, GA",35517
"13281","Towns, GA",37858
"13283","Treutlen, GA",30119
"13285","Troup, GA",36476
"13287","Turner, GA",34396
"13289","Twiggs, GA",39530
"13291","Union, GA",36581
"13293","Upson, GA",35133
"13295","Walker, GA",32826
"13297","Walton, GA",40458
"13299","Ware, GA",33906
"13301","Warren, GA",34598
"13303","Washington, GA",35296
"13305","Wayne, GA",31954
"13307","Webster, GA",33109
"13309","Wheeler, GA",19631
"13311","White, GA",34961
"13313","Whitfield, GA",38752
"13315","Wilcox, GA",26712
"13317","Wilkes, GA",39472
"13319","Wilkinson, GA",35204
"13321","Worth, GA",34380
"15001","Hawaii, HI",42449
"15003","Honolulu, HI",59608
"15007","Kauai, HI",49416
"15901","Maui + Kalawao, HI*",49040
"16001","Ada, ID",52958
"16003","Adams, ID",37452
"16005","Bannock, ID",38160
"16007","Bear Lake, ID",38493
"16009","Benewah, ID",37383
"16011","Bingham, ID",36335
"16013","Blaine, ID",113780
"16015","Boise, ID",43392
"16017","Bonner, ID",41209
"16019","Bonneville, ID",48287
"16021","Boundary, ID",36934
"16023","Butte, ID",38961
"16025","Camas, ID",38600
"16027","Canyon, ID",32680
"16029","Caribou, ID",39146
"16031","Cassia, ID",45220
"16033","Clark, ID",39408
"16035","Clearwater, ID",34506
"16037","Custer, ID",43185
"16039","Elmore, ID",36855
"16041","Franklin, ID",36064
"16043","Fremont (includes Yellowstone Park), ID",36908
"16045","Gem, ID",37796
"16047","Gooding, ID",52875
"16049","Idaho, ID",35122
"16051","Jefferson, ID",34900
"16053","Jerome, ID",38184
"16055","Kootenai, ID",44987
"16057","Latah, ID",41341
"16059","Lemhi, ID",41565
"16061","Lewis, ID",47267
"16063","Lincoln, ID",34821
"16065","Madison, ID",26407
"16067","Minidoka, ID",38159
"16069","Nez Perce, ID",44397
"16071","Oneida, ID",35234
"16073","Owyhee, ID",33372
"16075","Payette, ID",38933
"16077","Power, ID",36667
"16079","Shoshone, ID",35537
"16081","Teton, ID",39858
"16083","Twin Falls, ID",39623
"16085","Valley, ID",49630
"16087","Washington, ID",36225
"17001","Adams, IL",46886
"17003","Alexander, IL",34713
"17005","Bond, IL",37653
"17007","Boone, IL",47437
"17009","Brown, IL",35166
"17011","Bureau, IL",43931
"17013","Calhoun, IL",42511
"17015","Carroll, IL",42399
"17017","Cass, IL",42649
"17019","Champaign, IL",45328
"17021","Christian, IL",41724
"17023","Clark, IL",43012
"17025","Clay, IL",40351
"17027","Clinton, IL",48253
"17029","Coles, IL",40995
"17031","Cook, IL",62205
"17033","Crawford, IL",48332
"17035","Cumberland, IL",43778
"17037","DeKalb, IL",40929
"17039","De Witt, IL",47205
"17041","Douglas, IL",51537
"17043","DuPage, IL",72889
"17045","Edgar, IL",42184
"17047","Edwards, IL",40331
"17049","Effingham, IL",50599
"17051","Fayette, IL",35456
"17053","Ford, IL",52879
"17055","Franklin, IL",37355
"17057","Fulton, IL",38361
"17059","Gallatin, IL",44602
"17061","Greene, IL",36912
"17063","Grundy, IL",51657
"17065","Hamilton, IL",43349
"17067","Hancock, IL",46081
"17069","Hardin, IL",37155
"17071","Henderson, IL",41951
"17073","Henry, IL",45072
"17075","Iroquois, IL",43258
"17077","Jackson, IL",37284
"17079","Jasper, IL",45961
"17081","Jefferson, IL",39581
"17083","Jersey, IL",41522
"17085","Jo Daviess, IL",49061
"17087","Johnson, IL",35956
"17089","Kane, IL",51333
"17091","Kankakee, IL",41290
"17093","Kendall, IL",49033
"17095","Knox, IL",39471
"17097","Lake, IL",78559
"17099","LaSalle, IL",44632
"17101","Lawrence, IL",29911
"17103","Lee, IL",41788
"17105","Livingston, IL",44775
"17107","Logan, IL",38339
"17109","McDonough, IL",38692
"17111","McHenry, IL",55720
"17113","McLean, IL",49180
"17115","Macon, IL",48214
"17117","Macoupin, IL",41607
"17119","Madison, IL",46890
"17121","Marion, IL",43059
"17123","Marshall, IL",46015
"17125","Mason, IL",42510
"17127","Massac, IL",38360
"17129","Menard, IL",47233
"17131","Mercer, IL",45046
"17133","Monroe, IL",58686
"17135","Montgomery, IL",37717
"17137","Morgan, IL",41359
"17139","Moultrie, IL",62718
"17141","Ogle, IL",46755
"17143","Peoria, IL",51135
"17145","Perry, IL",38369
"17147","Piatt, IL",54258
"17149","Pike, IL",42768
"17151","Pope, IL",30306
"17153","Pulaski, IL",36146
"17155","Putnam, IL",58869
"17157","Randolph, IL",36905
"17159","Richland, IL",42555
"17161","Rock Island, IL",44802
"17163","St. Clair, IL",45061
"17165","Saline, IL",39687
"17167","Sangamon, IL",48891
"17169","Schuyler, IL",44200
"17171","Scott, IL",42720
"17173","Shelby, IL",41512
"17175","Stark, IL",42877
"17177","Stephenson, IL",42722
"17179","Tazewell, IL",47862
"17181","Union, IL",42760
"17183","Vermilion, IL",39481
"17185","Wabash, IL",43571
"17187","Warren, IL",41274
"17189","Washington, IL",51144
"17191","Wayne, IL",41164
"17193","White, IL",49605
"17195","Whiteside, IL",44016
"17197","Will, IL",52953
"17199","Williamson, IL",44509
"17201","Winnebago, IL",43742
"17203","Woodford, IL",52928
"18001","Adams, IN",39167
"18003","Allen, IN",46288
"18005","Bartholomew, IN",49922
"18007","Benton, IN",42775
"18009","Blackford, IN",37677
"18011","Boone, IN",73531
"18013","Brown, IN",46785
"18015","Carroll, IN",44201
"18017","Cass, IN",38788
"18019","Clark, IN",43763
"18021","Clay, IN",38615
"18023","Clinton, IN",39172
"18025","Crawford, IN",33483
"18027","Daviess, IN",42064
"18029","Dearborn, IN",47454
"18031","Decatur, IN",42733
"18033","DeKalb, IN",44069
"18035","Delaware, IN",37201
"18037","Dubois, IN",56488
"18039","Elkhart, IN",46816
"18041","Fayette, IN",40939
"18043","Floyd, IN",55480
"18045","Fountain, IN",41010
"18047","Franklin, IN",46629
"18049","Fulton, IN",41437
"18051","Gibson, IN",45385
"18053","Grant, IN",40444
"18055","Greene, IN",39840
"18057","Hamilton, IN",74717
"18059","Hancock, IN",50422
"18061","Harrison, IN",41862
"18063","Hendricks, IN",49641
"18065","Henry, IN",38336
"18067","Howard, IN",41842
"18069","Huntington, IN",42292
"18071","Jackson, IN",42722
"18073","Jasper, IN",43293
"18075","Jay, IN",39321
"18077","Jefferson, IN",41981
"18079","Jennings, IN",38959
"18081","Johnson, IN",48332
"18083","Knox, IN",44626
"18085","Kosciusko, IN",47799
"18087","Lagrange, IN",42146
"18089","Lake, IN",45172
"18091","LaPorte, IN",42527
"18093","Lawrence, IN",40614
"18095","Madison, IN",38172
"18097","Marion, IN",51940
"18099","Marshall, IN",41329
"18101","Martin, IN",39941
"18103","Miami, IN",35039
"18105","Monroe, IN",42212
"18107","Montgomery, IN",40056
"18109","Morgan, IN",44183
"18111","Newton, IN",39818
"18113","Noble, IN",39798
"18115","Ohio, IN",40714
"18117","Orange, IN",38124
"18119","Owen, IN",40081
"18121","Parke, IN",36345
"18123","Perry, IN",37851
"18125","Pike, IN",40714
"18127","Porter, IN",53130
"18129","Posey, IN",48180
"18131","Pulaski, IN",43522
"18133","Putnam, IN",37479
"18135","Randolph, IN",38491
"18137","Ripley, IN",41817
"18139","Rush, IN",46945
"18141","St. Joseph, IN",47673
"18143","Scott, IN",37475
"18145","Shelby, IN",43854
"18147","Spencer, IN",43971
"18149","Starke, IN",35347
"18151","Steuben, IN",43231
"18153","Sullivan, IN",35181
"18155","Switzerland, IN",30827
"18157","Tippecanoe, IN",39169
"18159","Tipton, IN",46610
"18161","Union, IN",38998
"18163","Vanderburgh, IN",45893
"18165","Vermillion, IN",39411
"18167","Vigo, IN",38970
"18169","Wabash, IN",43820
"18171","Warren, IN",45419
"18173","Warrick, IN",56476
"18175","Washington, IN",38123
"18177","Wayne, IN",41505
"18179","Wells, IN",42730
"18181","White, IN",43852
"18183","Whitley, IN",44528
"19001","Adair, IA",51989
"19003","Adams, IA",66319
"19005","Allamakee, IA",45745
"19007","Appanoose, IA",38478
"19009","Audubon, IA",48279
"19011","Benton, IA",53994
"19013","Black Hawk, IA",44764
"19015","Boone, IA",49606
"19017","Bremer, IA",49405
"19019","Buchanan, IA",46491
"19021","Buena Vista, IA",50000
"19023","Butler, IA",49863
"19025","Calhoun, IA",51217
"19027","Carroll, IA",54456
"19029","Cass, IA",48327
"19031","Cedar, IA",53356
"19033","Cerro Gordo, IA",53342
"19035","Cherokee, IA",62827
"19037","Chickasaw, IA",58354
"19039","Clarke, IA",43888
"19041","Clay, IA",51876
"19043","Clayton, IA",50371
"19045","Clinton, IA",44244
"19047","Crawford, IA",41765
"19049","Dallas, IA",66128
"19051","Davis, IA",36921
"19053","Decatur, IA",35908
"19055","Delaware, IA",51998
"19057","Des Moines, IA",50515
"19059","Dickinson, IA",58592
"19061","Dubuque, IA",49085
"19063","Emmet, IA",43501
"19065","Fayette, IA",44263
"19067","Floyd, IA",46560
"19069","Franklin, IA",51971
"19071","Fremont, IA",45399
"19073","Greene, IA",48356
"19075","Grundy, IA",53270
"19077","Guthrie, IA",52694
"19079","Hamilton, IA",53071
"19081","Hancock, IA",54791
"19083","Hardin, IA",52677
"19085","Harrison, IA",44895
"19087","Henry, IA",43223
"19089","Howard, IA",48232
"19091","Humboldt, IA",50201
"19093","Ida, IA",52758
"19095","Iowa, IA",55204
"19097","Jackson, IA",45167
"19099","Jasper, IA",43551
"19101","Jefferson, IA",42320
"19103","Johnson, IA",52672
"19105","Jones, IA",43652
"19107","Keokuk, IA",44509
"19109","Kossuth, IA",52992
"19111","Lee, IA",42174
"19113","Linn, IA",52743
"19115","Louisa, IA",41038
"19117","Lucas, IA",42126
"19119","Lyon, IA",60892
"19121","Madison, IA",49505
"19123","Mahaska, IA",43914
"19125","Marion, IA",48956
"19127","Marshall, IA",43652
"19129","Mills, IA",56647
"19131","Mitchell, IA",63318
"19133","Monona, IA",48118
"19135","Monroe, IA",43833
"19137","Montgomery, IA",42280
"19139","Muscatine, IA",47553
"19141","O'Brien, IA",59835
"19143","Osceola, IA",57164
"19145","Page, IA",41629
"19147","Palo Alto, IA",53056
"19149","Plymouth, IA",57589
"19151","Pocahontas, IA",52699
"19153","Polk, IA",53215
"19155","Pottawattamie, IA",45604
"19157","Poweshiek, IA",46950
"19159","Ringgold, IA",45714
"19161","Sac, IA",56931
"19163","Scott, IA",54323
"19165","Shelby, IA",50834
"19167","Sioux, IA",56029
"19169","Story, IA",41885
"19171","Tama, IA",46483
"19173","Taylor, IA",41585
"19175","Union, IA",40494
"19177","Van Buren, IA",41378
"19179","Wapello, IA",39002
"19181","Warren, IA",50698
"19183","Washington, IA",57438
"19185","Wayne, IA",43981
"19187","Webster, IA",45496
"19189","Winnebago, IA",44528
"19191","Winneshiek, IA",50175
"19193","Woodbury, IA",43988
"19195","Worth, IA",42321
"19197","Wright, IA",56451
"20001","Allen, KS",40218
"20003","Anderson, KS",38539
"20005","Atchison, KS",37436
"20007","Barber, KS",42497
"20009","Barton, KS",48036
"20011","Bourbon, KS",42697
"20013","Brown, KS",43023
"20015","Butler, KS",46157
"20017","Chase, KS",46385
"20019","Chautauqua, KS",40661
"20021","Cherokee, KS",39645
"20023","Cheyenne, KS",47268
"20025","Clark, KS",62654
"20027","Clay, KS",42069
"20029","Cloud, KS",38144
"20031","Coffey, KS",54074
"20033","Comanche, KS",45954
"20035","Cowley, KS",38707
"20037","Crawford, KS",37921
"20039","Decatur, KS",46614
"20041","Dickinson, KS",40582
"20043","Doniphan, KS",37405
"20045","Douglas, KS",43642
"20047","Edwards, KS",52165
"20049","Elk, KS",40899
"20051","Ellis, KS",46465
"20053","Ellsworth, KS",43316
"20055","Finney, KS",43172
"20057","Ford, KS",38962
"20059","Franklin, KS",42383
"20061","Geary, KS",48907
"20063","Gove, KS",58539
"20065","Graham, KS",49624
"20067","Grant, KS",46591
"20069","Gray, KS",66429
"20071","Greeley, KS",59191
"20073","Greenwood, KS",42708
"20075","Hamilton, KS",63834
"20077","Harper, KS",47024
"20079","Harvey, KS",42057
"20081","Haskell, KS",52783
"20083","Hodgeman, KS",49176
"20085","Jackson, KS",41686
"20087","Jefferson, KS",44480
"20089","Jewell, KS",48428
"20091","Johnson, KS",74010
"20093","Kearny, KS",56466
"20095","Kingman, KS",42572
"20097","Kiowa, KS",44262
"20099","Labette, KS",42127
"20101","Lane, KS",93628
"20103","Leavenworth, KS",42851
"20105","Lincoln, KS",41574
"20107","Linn, KS",37267
"20109","Logan, KS",47852
"20111","Lyon, KS",38297
"20113","McPherson, KS",51016
"20115","Marion, KS",41410
"20117","Marshall, KS",45766
"20119","Meade, KS",64262
"20121","Miami, KS",48748
"20123","Mitchell, KS",54694
"20125","Montgomery, KS",37576
"20127","Morris, KS",42424
"20129","Morton, KS",43644
"20131","Nemaha, KS",54111
"20133","Neosho, KS",39485
"20135","Ness, KS",57310
"20137","Norton, KS",42080
"20139","Osage, KS",40102
"20141","Osborne, KS",46018
"20143","Ottawa, KS",41201
"20145","Pawnee, KS",39223
"20147","Phillips, KS",51320
"20149","Pottawatomie, KS",52564
"20151","Pratt, KS",47327
"20153","Rawlins, KS",55821
"20155","Reno, KS",41111
"20157","Republic, KS",44273
"20159","Rice, KS",42788
"20161","Riley, KS",42566
"20163","Rooks, KS",42363
"20165","Rush, KS",44302
"20167","Russell, KS",44443
"20169","Saline, KS",49983
"20171","Scott, KS",69254
"20173","Sedgwick, KS",53776
"20175","Seward, KS",38621
"20177","Shawnee, KS",46861
"20179","Sheridan, KS",50706
"20181","Sherman, KS",45156
"20183","Smith, KS",45484
"20185","Stafford, KS",44534
"20187","Stanton, KS",63897
"20189","Stevens, KS",38970
"20191","Sumner, KS",40027
"20193","Thomas, KS",45671
"20195","Trego, KS",50889
"20197","Wabaunsee, KS",50534
"20199","Wallace, KS",56954
"20201","Washington, KS",45181
"20203","Wichita, KS",70142
"20205","Wilson, KS",43433
"20207","Woodson, KS",35561
"20209","Wyandotte, KS",33315
"21001","Adair, KY",31288
"21003","Allen, KY",32643
"21005","Anderson, KY",39321
"21007","Ballard, KY",37939
"21009","Barren, KY",36633
"21011","Bath, KY",30496
"21013","Bell, KY",29612
"21015","Boone, KY",48004
"21017","Bourbon, KY",44388
"21019","Boyd, KY",39746
"21021","Boyle, KY",37780
"21023","Bracken, KY",36758
"21025","Breathitt, KY",33753
"21027","Breckinridge, KY",34461
"21029","Bullitt, KY",40935
"21031","Butler, KY",34420
"21033","Caldwell, KY",35066
"21035","Calloway, KY",35722
"21037","Campbell, KY",49015
"21039","Carlisle, KY",43860
"21041","Carroll, KY",36349
"21043","Carter, KY",30847
"21045","Casey, KY",31205
"21047","Christian, KY",37742
"21049","Clark, KY",39848
"21051","Clay, KY",30566
"21053","Clinton, KY",31308
"21055","Crittenden, KY",35325
"21057","Cumberland, KY",35549
"21059","Daviess, KY",41754
"21061","Edmonson, KY",32253
"21063","Elliott, KY",22481
"21065","Estill, KY",31555
"21067","Fayette, KY",50180
"21069","Fleming, KY",33537
"21071","Floyd, KY",36976
"21073","Franklin, KY",41760
"21075","Fulton, KY",33715
"21077","Gallatin, KY",32065
"21079","Garrard, KY",34363
"21081","Grant, KY",36093
"21083","Graves, KY",38130
"21085","Grayson, KY",33580
"21087","Green, KY",34570
"21089","Greenup, KY",40933
"21091","Hancock, KY",36929
"21093","Hardin, KY",43424
"21095","Harlan, KY",30877
"21097","Harrison, KY",34889
"21099","Hart, KY",32133
"21101","Henderson, KY",39891
"21103","Henry, KY",37981
"21105","Hickman, KY",44912
"21107","Hopkins, KY",39236
"21109","Jackson, KY",28352
"21111","Jefferson, KY",51937
"21113","Jessamine, KY",43470
"21115","Johnson, KY",32986
"21117","Kenton, KY",57982
"21119","Knott, KY",30118
"21121","Knox, KY",29431
"21123","Larue, KY",36525
"21125","Laurel, KY",33921
"21127","Lawrence, KY",31654
"21129","Lee, KY",30157
"21131","Leslie, KY",32724
"21133","Letcher, KY",30852
"21135","Lewis, KY",31156
"21137","Lincoln, KY",31399
"21139","Livingston, KY",37792
"21141","Logan, KY",36005
"21143","Lyon, KY",36652
"21145","McCracken, KY",48383
"21147","McCreary, KY",25835
"21149","McLean, KY",41603
"21151","Madison, KY",35397
"21153","Magoffin, KY",30537
"21155","Marion, KY",36083
"21157","Marshall, KY",41625
"21159","Martin, KY",29840
"21161","Mason, KY",40541
"21163","Meade, KY",40026
"21165","Menifee, KY",30305
"21167","Mercer, KY",37146
"21169","Metcalfe, KY",31512
"21171","Monroe, KY",36385
"21173","Montgomery, KY",34751
"21175","Morgan, KY",26831
"21177","Muhlenberg, KY",33892
"21179","Nelson, KY",42442
"21181","Nicholas, KY",33999
"21183","Ohio, KY",33262
"21185","Oldham, KY",63039
"21187","Owen, KY",33940
"21189","Owsley, KY",31486
"21191","Pendleton, KY",43757
"21193","Perry, KY",38523
"21195","Pike, KY",36319
"21197","Powell, KY",31498
"21199","Pulaski, KY",37024
"21201","Robertson, KY",32815
"21203","Rockcastle, KY",31176
"21205","Rowan, KY",30777
"21207","Russell, KY",34343
"21209","Scott, KY",43409
"21211","Shelby, KY",45392
"21213","Simpson, KY",38189
"21215","Spencer, KY",43960
"21217","Taylor, KY",35020
"21219","Todd, KY",38508
"21221","Trigg, KY",36495
"21223","Trimble, KY",36565
"21225","Union, KY",33736
"21227","Warren, KY",38045
"21229","Washington, KY",37824
"21231","Wayne, KY",28484
"21233","Webster, KY",39188
"21235","Whitley, KY",33447
"21237","Wolfe, KY",31083
"21239","Woodford, KY",51753
"22001","Acadia, LA",37304
"22003","Allen, LA",33381
"22005","Ascension, LA",49829
"22007","Assumption, LA",46788
"22009","Avoyelles, LA",37911
"22011","Beauregard, LA",42782
"22013","Bienville, LA",38493
"22015","Bossier, LA",44149
"22017","Caddo, LA",48413
"22019","Calcasieu, LA",48968
"22021","Caldwell, LA",33950
"22023","Cameron, LA",50280
"22025","Catahoula, LA",33655
"22027","Claiborne, LA",35240
"22029","Concordia, LA",32942
"22031","De Soto, LA",40584
"22033","East Baton Rouge, LA",51386
"22035","East Carroll, LA",36010
"22037","East Feliciana, LA",42771
"22039","Evangeline, LA",33671
"22041","Franklin, LA",31928
"22043","Grant, LA",31828
"22045","Iberia, LA",39270
"22047","Iberville, LA",41423
"22049","Jackson, LA",34116
"22051","Jefferson, LA",51005
"22053","Jefferson Davis, LA",42334
"22055","Lafayette, LA",50273
"22057","Lafourche, LA",47096
"22059","LaSalle, LA",32413
"22061","Lincoln, LA",40410
"22063","Livingston, LA",40658
"22065","Madison, LA",32437
"22067","Morehouse, LA",38495
"22069","Natchitoches, LA",39860
"22071","Orleans, LA",52004
"22073","Ouachita, LA",41053
"22075","Plaquemines, LA",49376
"22077","Pointe Coupee, LA",44366
"22079","Rapides, LA",46090
"22081","Red River, LA",42201
"22083","Richland, LA",37330
"22085","Sabine, LA",34558
"22087","St. Bernard, LA",32130
"22089","St. Charles, LA",49353
"22091","St. Helena, LA",41592
"22093","St. James, LA",48484
"22095","St. John the Baptist, LA",40573
"22097","St. Landry, LA",41191
"22099","St. Martin, LA",37645
"22101","St. Mary, LA",39280
"22103","St. Tammany, LA",62366
"22105","Tangipahoa, LA",38974
"22107","Tensas, LA",36630
"22109","Terrebonne, LA",41504
"22111","Union, LA",38794
"22113","Vermilion, LA",39042
"22115","Vernon, LA",40729
"22117","Washington, LA",33480
"22119","Webster, LA",40175
"22121","West Baton Rouge, LA",46976
"22123","West Carroll, LA",36633
"22125","West Feliciana, LA",38655
"22127","Winn, LA",36698
"23001","Androscoggin, ME",41528
"23003","Aroostook, ME",41241
"23005","Cumberland, ME",62523
"23007","Franklin, ME",38544
"23009","Hancock, ME",51259
"23011","Kennebec, ME",44940
"23013","Knox, ME",52358
"23015","Lincoln, ME",50922
"23017","Oxford, ME",37999
"23019","Penobscot, ME",42053
"23021","Piscataquis, ME",38427
"23023","Sagadahoc, ME",51325
"23025","Somerset, ME",38142
"23027","Waldo, ME",40912
"23029","Washington, ME",40378
"23031","York, ME",52068
"24001","Allegany, MD",40517
"24003","Anne Arundel, MD",67363
"24005","Baltimore, MD",61556
"24009","Calvert, MD",62591
"24011","Caroline, MD",45906
"24013","Carroll, MD",63039
"24015","Cecil, MD",47695
"24017","Charles, MD",57051
"24019","Dorchester, MD",46562
"24021","Frederick, MD",61869
"24023","Garrett, MD",45595
"24025","Harford, MD",58841
"24027","Howard, MD",78416
"24029","Kent, MD",61497
"24031","Montgomery, MD",89690
"24033","Prince George's, MD",49420
"24035","Queen Anne's, MD",64810
"24037","St. Mary's, MD",56820
"24039","Somerset, MD",31562
"24041","Talbot, MD",73232
"24043","Washington, MD",47092
"24045","Wicomico, MD",42054
"24047","Worcester, MD",60007
"24510","Baltimore (Independent City), MD",51357
"25001","Barnstable, MA",74756
"25003","Berkshire, MA",56503
"25005","Bristol, MA",54089
"25007","Dukes, MA",93726
"25009","Essex, MA",67507
"25011","Franklin, MA",54689
"25013","Hampden, MA",51187
"25015","Hampshire, MA",52984
"25017","Middlesex, MA",83795
"25019","Nantucket, MA",124168
"25021","Norfolk, MA",92285
"25023","Plymouth, MA",67505
"25025","Suffolk, MA",81152
"25027","Worcester, MA",57003
"26001","Alcona, MI",38375
"26003","Alger, MI",33767
"26005","Allegan, MI",45182
"26007","Alpena, MI",40985
"26009","Antrim, MI",47070
"26011","Arenac, MI",37369
"26013","Baraga, MI",33519
"26015","Barry, MI",44919
"26017","Bay, MI",41722
"26019","Benzie, MI",43557
"26021","Berrien, MI",47430
"26023","Branch, MI",37622
"26025","Calhoun, MI",40276
"26027","Cass, MI",44994
"26029","Charlevoix, MI",52885
"26031","Cheboygan, MI",40080
"26033","Chippewa, MI",34269
"26035","Clare, MI",34120
"26037","Clinton, MI",46518
"26039","Crawford, MI",34648
"26041","Delta, MI",40551
"26043","Dickinson, MI",49397
"26045","Eaton, MI",42693
"26047","Emmet, MI",57115
"26049","Genesee, MI",41068
"26051","Gladwin, MI",36874
"26053","Gogebic, MI",39945
"26055","Grand Traverse, MI",50639
"26057","Gratiot, MI",37834
"26059","Hillsdale, MI",36598
"26061","Houghton, MI",37674
"26063","Huron, MI",45425
"26065","Ingham, MI",40761
"26067","Ionia, MI",35273
"26069","Iosco, MI",37970
"26071","Iron, MI",44959
"26073","Isabella, MI",35501
"26075","Jackson, MI",39832
"26077","Kalamazoo, MI",48723
"26079","Kalkaska, MI",34623
"26081","Kent, MI",53935
"26083","Keweenaw, MI",47618
"26085","Lake, MI",31813
"26087","Lapeer, MI",43679
"26089","Leelanau, MI",67320
"26091","Lenawee, MI",39600
"26093","Livingston, MI",58326
"26095","Luce, MI",31827
"26097","Mackinac, MI",44457
"26099","Macomb, MI",46530
"26101","Manistee, MI",38814
"26103","Marquette, MI",40036
"26105","Mason, MI",41667
"26107","Mecosta, MI",34252
"26109","Menominee, MI",43594
"26111","Midland, MI",60467
"26113","Missaukee, MI",34972
"26115","Monroe, MI",47496
"26117","Montcalm, MI",34972
"26119","Montmorency, MI",37363
"26121","Muskegon, MI",39072
"26123","Newaygo, MI",38037
"26125","Oakland, MI",72741
"26127","Oceana, MI",37950
"26129","Ogemaw, MI",35396
"26131","Ontonagon, MI",40129
"26133","Osceola, MI",36023
"26135","Oscoda, MI",33896
"26137","Otsego, MI",40589
"26139","Ottawa, MI",49418
"26141","Presque Isle, MI",39004
"26143","Roscommon, MI",37141
"26145","Saginaw, MI",38754
"26147","St. Clair, MI",44316
"26149","St. Joseph, MI",38866
"26151","Sanilac, MI",38004
"26153","Schoolcraft, MI",39948
"26155","Shiawassee, MI",39435
"26157","Tuscola, MI",37979
"26159","Van Buren, MI",41123
"26161","Washtenaw, MI",59363
"26163","Wayne, MI",42942
"26165","Wexford, MI",36454
"27001","Aitkin, MN",39780
"27003","Anoka, MN",51258
"27005","Becker, MN",47272
"27007","Beltrami, MN",41565
"27009","Benton, MN",43830
"27011","Big Stone, MN",57221
"27013","Blue Earth, MN",44383
"27015","Brown, MN",52995
"27017","Carlton, MN",43098
"27019","Carver, MN",71350
"27021","Cass, MN",47443
"27023","Chippewa, MN",49836
"27025","Chisago, MN",48750
"27027","Clay, MN",43180
"27029","Clearwater, MN",44001
"27031","Cook, MN",55319
"27033","Cottonwood, MN",47982
"27035","Crow Wing, MN",45610
"27037","Dakota, MN",60651
"27039","Dodge, MN",47984
"27041","Douglas, MN",53665
"27043","Faribault, MN",43343
"27045","Fillmore, MN",45378
"27047","Freeborn, MN",45808
"27049","Goodhue, MN",53549
"27051","Grant, MN",52556
"27053","Hennepin, MN",74698
"27055","Houston, MN",52354
"27057","Hubbard, MN",43235
"27059","Isanti, MN",44049
"27061","Itasca, MN",43685
"27063","Jackson, MN",53276
"27065","Kanabec, MN",42509
"27067","Kandiyohi, MN",54667
"27069","Kittson, MN",55597
"27071","Koochiching, MN",41890
"27073","Lac qui Parle, MN",55688
"27075","Lake, MN",48132
"27077","Lake of the Woods, MN",57357
"27079","Le Sueur, MN",48799
"27081","Lincoln, MN",48520
"27083","Lyon, MN",49455
"27085","McLeod, MN",49136
"27087","Mahnomen, MN",36950
"27089","Marshall, MN",51509
"27091","Martin, MN",50083
"27093","Meeker, MN",43944
"27095","Mille Lacs, MN",41582
"27097","Morrison, MN",42568
"27099","Mower, MN",48423
"27101","Murray, MN",54825
"27103","Nicollet, MN",49605
"27105","Nobles, MN",45100
"27107","Norman, MN",44254
"27109","Olmsted, MN",58554
"27111","Otter Tail, MN",48275
"27113","Pennington, MN",55399
"27115","Pine, MN",37067
"27117","Pipestone, MN",58004
"27119","Polk, MN",48820
"27121","Pope, MN",52091
"27123","Ramsey, MN",54934
"27125","Red Lake, MN",51750
"27127","Redwood, MN",49732
"27129","Renville, MN",51432
"27131","Rice, MN",44096
"27133","Rock, MN",51956
"27135","Roseau, MN",51307
"27137","St. Louis, MN",47417
"27139","Scott, MN",59687
"27141","Sherburne, MN",47031
"27143","Sibley, MN",46632
"27145","Stearns, MN",47196
"27147","Steele, MN",47604
"27149","Stevens, MN",49913
"27151","Swift, MN",51320
"27153","Todd, MN",42005
"27155","Traverse, MN",61255
"27157","Wabasha, MN",48724
"27159","Wadena, MN",39746
"27161","Waseca, MN",44556
"27163","Washington, MN",67928
"27165","Watonwan, MN",42979
"27167","Wilkin, MN",59516
"27169","Winona, MN",50036
"27171","Wright, MN",50181
"27173","Yellow Medicine, MN",57186
"28001","Adams, MS",33880
"28003","Alcorn, MS",36003
"28005","Amite, MS",33460
"28007","Attala, MS",33809
"28009","Benton, MS",30285
"28011","Bolivar, MS",38213
"28013","Calhoun, MS",33043
"28015","Carroll, MS",37615
"28017","Chickasaw, MS",34805
"28019","Choctaw, MS",33646
"28021","Claiborne, MS",31494
"28023","Clarke, MS",36431
"28025","Clay, MS",39191
"28027","Coahoma, MS",33915
"28029","Copiah, MS",33203
"28031","Covington, MS",35748
"28033","DeSoto, MS",40702
"28035","Forrest, MS",38880
"28037","Franklin, MS",33970
"28039","George, MS",32529
"28041","Greene, MS",28716
"28043","Grenada, MS",35632
"28045","Hancock, MS",35262
"28047","Harrison, MS",37303
"28049","Hinds, MS",39311
"28051","Holmes, MS",28371
"28053","Humphreys, MS",31864
"28055","Issaquena, MS",18541
"28057","Itawamba, MS",34734
"28059","Jackson, MS",37499
"28061","Jasper, MS",37281
"28063","Jefferson, MS",33098
"28065","Jefferson Davis, MS",30097
"28067","Jones, MS",38122
"28069","Kemper, MS",29287
"28071","Lafayette, MS",42110
"28073","Lamar, MS",40529
"28075","Lauderdale, MS",37959
"28077","Lawrence, MS",34616
"28079","Leake, MS",31436
"28081","Lee, MS",41934
"28083","Leflore, MS",36399
"28085","Lincoln, MS",38682
"28087","Lowndes, MS",38498
"28089","Madison, MS",64033
"28091","Marion, MS",34526
"28093","Marshall, MS",32341
"28095","Monroe, MS",34664
"28097","Montgomery, MS",34180
"28099","Neshoba, MS",36604
"28101","Newton, MS",34645
"28103","Noxubee, MS",32805
"28105","Oktibbeha, MS",34367
"28107","Panola, MS",32496
"28109","Pearl River, MS",36230
"28111","Perry, MS",31934
"28113","Pike, MS",31048
"28115","Pontotoc, MS",32996
"28117","Prentiss, MS",30743
"28119","Quitman, MS",27088
"28121","Rankin, MS",44661
"28123","Scott, MS",32095
"28125","Sharkey, MS",32070
"28127","Simpson, MS",37036
"28129","Smith, MS",35791
"28131","Stone, MS",31516
"28133","Sunflower, MS",30859
"28135","Tallahatchie, MS",27757
"28137","Tate, MS",35182
"28139","Tippah, MS",33919
"28141","Tishomingo, MS",33559
"28143","Tunica, MS",32425
"28145","Union, MS",32242
"28147","Walthall, MS",31757
"28149","Warren, MS",39580
"28151","Washington, MS",37568
"28153","Wayne, MS",34775
"28155","Webster, MS",38464
"28157","Wilkinson, MS",29413
"28159","Winston, MS",35742
"28161","Yalobusha, MS",36729
"28163","Yazoo, MS",27275
"29001","Adair, MO",33578
"29003","Andrew, MO",45118
"29005","Atchison, MO",42633
"29007","Audrain, MO",40111
"29009","Barry, MO",34540
"29011","Barton, MO",35884
"29013","Bates, MO",38864
"29015","Benton, MO",35973
"29017","Bollinger, MO",32454
"29019","Boone, MO",47687
"29021","Buchanan, MO",39810
"29023","Butler, MO",35302
"29025","Caldwell, MO",37301
"29027","Callaway, MO",38686
"29029","Camden, MO",38794
"29031","Cape Girardeau, MO",46314
"29033","Carroll, MO",45110
"29035","Carter, MO",32045
"29037","Cass, MO",47151
"29039","Cedar, MO",31664
"29041","Chariton, MO",42227
"29043","Christian, MO",40301
"29045","Clark, MO",34516
"29047","Clay, MO",48381
"29049","Clinton, MO",42988
"29051","Cole, MO",47790
"29053","Cooper, MO",38916
"29055","Crawford, MO",36090
"29057","Dade, MO",34181
"29059","Dallas, MO",33184
"29061","Daviess, MO",34491
"29063","DeKalb, MO",28294
"29065","Dent, MO",33231
"29067","Douglas, MO",28305
"29069","Dunklin, MO",34129
"29071","Franklin, MO",45719
"29073","Gasconade, MO",40316
"29075","Gentry, MO",41470
"29077","Greene, MO",44837
"29079","Grundy, MO",34723
"29081","Harrison, MO",38274
"29083","Henry, MO",43018
"29085","Hickory, MO",27787
"29087","Holt, MO",45259
"29089","Howard, MO",38796
"29091","Howell, MO",34055
"29093","Iron, MO",34164
"29095","Jackson, MO",47054
"29097","Jasper, MO",39973
"29099","Jefferson, MO",42780
"29101","Johnson, MO",36777
"29103","Knox, MO",32711
"29105","Laclede, MO",36558
"29107","Lafayette, MO",42119
"29109","Lawrence, MO",34301
"29111","Lewis, MO",35249
"29113","Lincoln, MO",40788
"29115","Linn, MO",40356
"29117","Livingston, MO",39805
"29119","McDonald, MO",28018
"29121","Macon, MO",42414
"29123","Madison, MO",36865
"29125","Maries, MO",33348
"29127","Marion, MO",41068
"29129","Mercer, MO",32388
"29131","Miller, MO",35547
"29133","Mississippi, MO",32216
"29135","Moniteau, MO",37533
"29137","Monroe, MO",42672
"29139","Montgomery, MO",40396
"29141","Morgan, MO",42873
"29143","New Madrid, MO",33869
"29145","Newton, MO",39334
"29147","Nodaway, MO",31013
"29149","Oregon, MO",28722
"29151","Osage, MO",45582
"29153","Ozark, MO",30043
"29155","Pemiscot, MO",32811
"29157","Perry, MO",41321
"29159","Pettis, MO",37763
"29161","Phelps, MO",39132
"29163","Pike, MO",34828
"29165","Platte, MO",58878
"29167","Polk, MO",33703
"29169","Pulaski, MO",40512
"29171","Putnam, MO",33945
"29173","Ralls, MO",40698
"29175","Randolph, MO",39903
"29177","Ray, MO",42305
"29179","Reynolds, MO",35034
"29181","Ripley, MO",30437
"29183","St. Charles, MO",53745
"29185","St. Clair, MO",29830
"29186","Ste. Genevieve, MO",41822
"29187","St. Francois, MO",34485
"29189","St. Louis, MO",71360
"29195","Saline, MO",38580
"29197","Schuyler, MO",29013
"29199","Scotland, MO",33262
"29201","Scott, MO",40221
"29203","Shannon, MO",30503
"29205","Shelby, MO",40356
"29207","Stoddard, MO",37020
"29209","Stone, MO",38900
"29211","Sullivan, MO",37649
"29213","Taney, MO",35956
"29215","Texas, MO",28169
"29217","Vernon, MO",35930
"29219","Warren, MO",41674
"29221","Washington, MO",29606
"29223","Wayne, MO",29581
"29225","Webster, MO",32589
"29227","Worth, MO",35573
"29229","Wright, MO",32178
"29510","St. Louis (Independent City), MO",47643
"30001","Beaverhead, MT",44664
"30003","Big Horn, MT",30533
"30005","Blaine, MT",31263
"30007","Broadwater, MT",39306
"30009","Carbon, MT",47442
"30011","Carter, MT",44358
"30013","Cascade, MT",47518
"30015","Chouteau, MT",37340
"30017","Custer, MT",44689
"30019","Daniels, MT",48086
"30021","Dawson, MT",45295
"30023","Deer Lodge, MT",39063
"30025","Fallon, MT",49509
"30027","Fergus, MT",43808
"30029","Flathead, MT",47331
"30031","Gallatin, MT",54734
"30033","Garfield, MT",36291
"30035","Glacier, MT",34458
"30037","Golden Valley, MT",49137
"30039","Granite, MT",43791
"30041","Hill, MT",45017
"30043","Jefferson, MT",47960
"30045","Judith Basin, MT",50492
"30047","Lake, MT",39365
"30049","Lewis and Clark, MT",48562
"30051","Liberty, MT",40956
"30053","Lincoln, MT",35432
"30055","McCone, MT",42209
"30057","Madison, MT",49115
"30059","Meagher, MT",46128
"30061","Mineral, MT",39957
"30063","Missoula, MT",49492
"30065","Musselshell, MT",43133
"30067","Park, MT",48114
"30069","Petroleum, MT",35772
"30071","Phillips, MT",39172
"30073","Pondera, MT",42363
"30075","Powder River, MT",32479
"30077","Powell, MT",39771
"30079","Prairie, MT",44739
"30081","Ravalli, MT",44602
"30083","Richland, MT",61217
"30085","Roosevelt, MT",34794
"30087","Rosebud, MT",42250
"30089","Sanders, MT",34896
"30091","Sheridan, MT",52541
"30093","Silver Bow, MT",48939
"30095","Stillwater, MT",51773
"30097","Sweet Grass, MT",44455
"30099","Teton, MT",44369
"30101","Toole, MT",45481
"30103","Treasure, MT",48415
"30105","Valley, MT",46911
"30107","Wheatland, MT",35934
"30109","Wibaux, MT",50940
"30111","Yellowstone, MT",52340
"31001","Adams, NE",49139
"31003","Antelope, NE",46981
"31005","Arthur, NE",46901
"31007","Banner, NE",58252
"31009","Blaine, NE",45788
"31011","Boone, NE",54024
"31013","Box Butte, NE",47359
"31015","Boyd, NE",55795
"31017","Brown, NE",51496
"31019","Buffalo, NE",54052
"31021","Burt, NE",50268
"31023","Butler, NE",47286
"31025","Cass, NE",53602
"31027","Cedar, NE",52839
"31029","Chase, NE",49267
"31031","Cherry, NE",45124
"31033","Cheyenne, NE",48263
"31035","Clay, NE",47220
"31037","Colfax, NE",43106
"31039","Cuming, NE",58610
"31041","Custer, NE",44290
"31043","Dakota, NE",41831
"31045","Dawes, NE",37092
"31047","Dawson, NE",43055
"31049","Deuel, NE",44289
"31051","Dixon, NE",44185
"31053","Dodge, NE",47330
"31055","Douglas, NE",63435
"31057","Dundy, NE",53144
"31059","Fillmore, NE",57068
"31061","Franklin, NE",47132
"31063","Frontier, NE",44469
"31065","Furnas, NE",49008
"31067","Gage, NE",49863
"31069","Garden, NE",40892
"31071","Garfield, NE",43905
"31073","Gosper, NE",52671
"31075","Grant, NE",42545
"31077","Greeley, NE",45109
"31079","Hall, NE",43625
"31081","Hamilton, NE",54782
"31083","Harlan, NE",48143
"31085","Hayes, NE",45409
"31087","Hitchcock, NE",37990
"31089","Holt, NE",51404
"31091","Hooker, NE",52667
"31093","Howard, NE",41377
"31095","Jefferson, NE",48757
"31097","Johnson, NE",37179
"31099","Kearney, NE",56309
"31101","Keith, NE",45896
"31103","Keya Paha, NE",58784
"31105","Kimball, NE",44069
"31107","Knox, NE",48268
"31109","Lancaster, NE",49889
"31111","Lincoln, NE",46623
"31113","Logan, NE",37603
"31115","Loup, NE",45361
"31117","McPherson, NE",45530
"31119","Madison, NE",50630
"31121","Merrick, NE",47386
"31123","Morrill, NE",49071
"31125","Nance, NE",38000
"31127","Nemaha, NE",48807
"31129","Nuckolls, NE",50836
"31131","Otoe, NE",53850
"31133","Pawnee, NE",48851
"31135","Perkins, NE",55692
"31137","Phelps, NE",52792
"31139","Pierce, NE",57141
"31141","Platte, NE",49386
"31143","Polk, NE",51004
"31145","Red Willow, NE",46270
"31147","Richardson, NE",48195
"31149","Rock, NE",49241
"31151","Saline, NE",43763
"31153","Sarpy, NE",50333
"31155","Saunders, NE",52193
"31157","Scotts Bluff, NE",44171
"31159","Seward, NE",49832
"31161","Sheridan, NE",47076
"31163","Sherman, NE",44953
"31165","Sioux, NE",42404
"31167","Stanton, NE",48167
"31169","Thayer, NE",57523
"31171","Thomas, NE",53979
"31173","Thurston, NE",41468
"31175","Valley, NE",45713
"31177","Washington, NE",56640
"31179","Wayne, NE",44622
"31181","Webster, NE",48607
"31183","Wheeler, NE",72878
"31185","York, NE",49892
"32001","Churchill, NV",43661
"32003","Clark, NV",47090
"32005","Douglas, NV",75159
"32007","Elko, NV",46808
"32009","Esmeralda, NV",40113
"32011","Eureka, NV",39903
"32013","Humboldt, NV",46927
"32015","Lander, NV",63923
"32017","Lincoln, NV",36604
"32019","Lyon, NV",38713
"32021","Mineral, NV",38074
"32023","Nye, NV",37835
"32027","Pershing, NV",32592
"32029","Storey, NV",59651
"32031","Washoe, NV",59639
"32033","White Pine, NV",44736
"32510","Carson City (Independent City), NV",50754
"33001","Belknap, NH",61091
"33003","Carroll, NH",58949
"33005","Cheshire, NH",51969
"33007","Coos, NH",43098
"33009","Grafton, NH",60426
"33011","Hillsborough, NH",61147
"33013","Merrimack, NH",57924
"33015","Rockingham, NH",73819
"33017","Strafford, NH",50574
"33019","Sullivan, NH",51682
"34001","Atlantic, NJ",48668
"34003","Bergen, NJ",85951
"34005","Burlington, NJ",62120
"34007","Camden, NJ",54103
"34009","Cape May, NJ",60877
"34011","Cumberland, NJ",40289
"34013","Essex, NJ",67459
"34015","Gloucester, NJ",54745
"34017","Hudson, NJ",65139
"34019","Hunterdon, NJ",89610
"34021","Mercer, NJ",69344
"34023","Middlesex, NJ",61065
"34025","Monmouth, NJ",79978
"34027","Morris, NJ",98842
"34029","Ocean, NJ",52008
"34031","Passaic, NJ",50570
"34033","Salem, NJ",48496
"34035","Somerset, NJ",106194
"34037","Sussex, NJ",61757
"34039","Union, NJ",68262
"34041","Warren, NJ",56058
"35001","Bernalillo, NM",44057
"35003","Catron, NM",32010
"35005","Chaves, NM",40322
"35006","Cibola, NM*",28130
"35007","Colfax, NM",39826
"35009","Curry, NM",44161
"35011","De Baca, NM",39634
"35013","Doa Ana, NM",36570
"35015","Eddy, NM",54122
"35017","Grant, NM",41026
"35019","Guadalupe, NM",32994
"35021","Harding, NM",38716
"35023","Hidalgo, NM",41555
"35025","Lea, NM",44437
"35027","Lincoln, NM",41793
"35028","Los Alamos, NM",70600
"35029","Luna, NM",31140
"35031","McKinley, NM",27771
"35033","Mora, NM",35534
"35035","Otero, NM",34636
"35037","Quay, NM",38223
"35039","Rio Arriba, NM",34582
"35041","Roosevelt, NM",39446
"35043","Sandoval, NM",41547
"35045","San Juan, NM",35453
"35047","San Miguel, NM",34579
"35049","Santa Fe, NM",58510
"35051","Sierra, NM",38984
"35053","Socorro, NM",34699
"35055","Taos, NM",38455
"35057","Torrance, NM",30245
"35059","Union, NM",32620
"35061","Valencia, NM*",33424
"36001","Albany, NY",61201
"36003","Allegany, NY",34880
"36005","Bronx, NY",37376
"36007","Broome, NY",44540
"36009","Cattaraugus, NY",39995
"36011","Cayuga, NY",42231
"36013","Chautauqua, NY",40759
"36015","Chemung, NY",44373
"36017","Chenango, NY",41840
"36019","Clinton, NY",44081
"36021","Columbia, NY",55810
"36023","Cortland, NY",40691
"36025","Delaware, NY",39632
"36027","Dutchess, NY",56365
"36029","Erie, NY",51539
"36031","Essex, NY",45996
"36033","Franklin, NY",37644
"36035","Fulton, NY",43112
"36037","Genesee, NY",43582
"36039","Greene, NY",47008
"36041","Hamilton, NY",54086
"36043","Herkimer, NY",41581
"36045","Jefferson, NY",46924
"36047","Kings, NY",52192
"36049","Lewis, NY",43971
"36051","Livingston, NY",45908
"36053","Madison, NY",44502
"36055","Monroe, NY",52951
"36057","Montgomery, NY",41628
"36059","Nassau, NY",89839
"36061","New York, NY",193940
"36063","Niagara, NY",45501
"36065","Oneida, NY",44697
"36067","Onondaga, NY",52886
"36069","Ontario, NY",53498
"36071","Orange, NY",51848
"36073","Orleans, NY",38963
"36075","Oswego, NY",40538
"36077","Otsego, NY",43522
"36079","Putnam, NY",65833
"36081","Queens, NY",49777
"36083","Rensselaer, NY",49156
"36085","Richmond, NY",56749
"36087","Rockland, NY",60464
"36089","St. Lawrence, NY",37940
"36091","Saratoga, NY",67618
"36093","Schenectady, NY",50533
"36095","Schoharie, NY",40791
"36097","Schuyler, NY",42063
"36099","Seneca, NY",38593
"36101","Steuben, NY",45194
"36103","Suffolk, NY",68617
"36105","Sullivan, NY",46303
"36107","Tioga, NY",45910
"36109","Tompkins, NY",45282
"36111","Ulster, NY",50462
"36113","Warren, NY",52475
"36115","Washington, NY",40043
"36117","Wayne, NY",46048
"36119","Westchester, NY",108976
"36121","Wyoming, NY",39801
"36123","Yates, NY",39402
"37001","Alamance, NC",39342
"37003","Alexander, NC",37438
"37005","Alleghany, NC",37549
"37007","Anson, NC",34616
"37009","Ashe, NC",36300
"37011","Avery, NC",36574
"37013","Beaufort, NC",41643
"37015","Bertie, NC",34766
"37017","Bladen, NC",34306
"37019","Brunswick, NC",42749
"37021","Buncombe, NC",48592
"37023","Burke, NC",35265
"37025","Cabarrus, NC",45220
"37027","Caldwell, NC",35374
"37029","Camden, NC",45335
"37031","Carteret, NC",49360
"37033","Caswell, NC",35591
"37035","Catawba, NC",45342
"37037","Chatham, NC",63041
"37039","Cherokee, NC",32266
"37041","Chowan, NC",40817
"37043","Clay, NC",34057
"37045","Cleveland, NC",37661
"37047","Columbus, NC",32397
"37049","Craven, NC",43665
"37051","Cumberland, NC",38780
"37053","Currituck, NC",45435
"37055","Dare, NC",56314
"37057","Davidson, NC",39087
"37059","Davie, NC",47630
"37061","Duplin, NC",33619
"37063","Durham, NC",50698
"37065","Edgecombe, NC",34946
"37067","Forsyth, NC",48804
"37069","Franklin, NC",36238
"37071","Gaston, NC",41379
"37073","Gates, NC",36060
"37075","Graham, NC",33075
"37077","Granville, NC",38652
"37079","Greene, NC",32569
"37081","Guilford, NC",45875
"37083","Halifax, NC",36013
"37085","Harnett, NC",34604
"37087","Haywood, NC",40290
"37089","Henderson, NC",43276
"37091","Hertford, NC",32702
"37093","Hoke, NC",31148
"37095","Hyde, NC",43490
"37097","Iredell, NC",50065
"37099","Jackson, NC",32844
"37101","Johnston, NC",39922
"37103","Jones, NC",38536
"37105","Lee, NC",40098
"37107","Lenoir, NC",40922
"37109","Lincoln, NC",45791
"37111","McDowell, NC",34077
"37113","Macon, NC",40057
"37115","Madison, NC",34036
"37117","Martin, NC",34647
"37119","Mecklenburg, NC",61137
"37121","Mitchell, NC",35932
"37123","Montgomery, NC",35611
"37125","Moore, NC",51307
"37127","Nash, NC",42016
"37129","New Hanover, NC",45290
"37131","Northampton, NC",34185
"37133","Onslow, NC",46142
"37135","Orange, NC",67385
"37137","Pamlico, NC",43532
"37139","Pasquotank, NC",39417
"37141","Pender, NC",35914
"37143","Perquimans, NC",40781
"37145","Person, NC",38202
"37147","Pitt, NC",41191
"37149","Polk, NC",45291
"37151","Randolph, NC",37017
"37153","Richmond, NC",35148
"37155","Robeson, NC",29438
"37157","Rockingham, NC",37137
"37159","Rowan, NC",38089
"37161","Rutherford, NC",32764
"37163","Sampson, NC",35900
"37165","Scotland, NC",33229
"37167","Stanly, NC",39047
"37169","Stokes, NC",36850
"37171","Surry, NC",38522
"37173","Swain, NC",38429
"37175","Transylvania, NC",42070
"37177","Tyrrell, NC",30000
"37179","Union, NC",51326
"37181","Vance, NC",35105
"37183","Wake, NC",59014
"37185","Warren, NC",30397
"37187","Washington, NC",36073
"37189","Watauga, NC",36684
"37191","Wayne, NC",38472
"37193","Wilkes, NC",36576
"37195","Wilson, NC",40501
"37197","Yadkin, NC",37027
"37199","Yancey, NC",36715
"38001","Adams, ND",59197
"38003","Barnes, ND",55784
"38005","Benson, ND",34482
"38007","Billings, ND",74682
"38009","Bottineau, ND",58823
"38011","Bowman, ND",60829
"38013","Burke, ND",63721
"38015","Burleigh, ND",58173
"38017","Cass, ND",56070
"38019","Cavalier, ND",68040
"38021","Dickey, ND",52437
"38023","Divide, ND",48574
"38025","Dunn, ND",60338
"38027","Eddy, ND",54013
"38029","Emmons, ND",49489
"38031","Foster, ND",62928
"38033","Golden Valley, ND",43871
"38035","Grand Forks, ND",51494
"38037","Grant, ND",38371
"38039","Griggs, ND",55349
"38041","Hettinger, ND",51130
"38043","Kidder, ND",50285
"38045","LaMoure, ND",56134
"38047","Logan, ND",60543
"38049","McHenry, ND",52233
"38051","McIntosh, ND",59596
"38053","McKenzie, ND",62549
"38055","McLean, ND",54518
"38057","Mercer, ND",57839
"38059","Morton, ND",52153
"38061","Mountrail, ND",58955
"38063","Nelson, ND",60817
"38065","Oliver, ND",48290
"38067","Pembina, ND",50088
"38069","Pierce, ND",52070
"38071","Ramsey, ND",47425
"38073","Ransom, ND",55912
"38075","Renville, ND",60976
"38077","Richland, ND",53007
"38079","Rolette, ND",36647
"38081","Sargent, ND",65448
"38083","Sheridan, ND",35497
"38085","Sioux, ND",27662
"38087","Slope, ND",49476
"38089","Stark, ND",61032
"38091","Steele, ND",63327
"38093","Stutsman, ND",54491
"38095","Towner, ND",53786
"38097","Traill, ND",51103
"38099","Walsh, ND",48945
"38101","Ward, ND",55214
"38103","Wells, ND",55328
"38105","Williams, ND",68874
"39001","Adams, OH",34632
"39003","Allen, OH",42816
"39005","Ashland, OH",38441
"39007","Ashtabula, OH",38461
"39009","Athens, OH",33274
"39011","Auglaize, OH",49578
"39013","Belmont, OH",42429
"39015","Brown, OH",37259
"39017","Butler, OH",47408
"39019","Carroll, OH",39698
"39021","Champaign, OH",41055
"39023","Clark, OH",40769
"39025","Clermont, OH",53770
"39027","Clinton, OH",45728
"39029","Columbiana, OH",38013
"39031","Coshocton, OH",34856
"39033","Crawford, OH",38704
"39035","Cuyahoga, OH",54739
"39037","Darke, OH",42793
"39039","Defiance, OH",41540
"39041","Delaware, OH",74093
"39043","Erie, OH",62591
"39045","Fairfield, OH",46113
"39047","Fayette, OH",38449
"39049","Franklin, OH",50443
"39051","Fulton, OH",45594
"39053","Gallia, OH",39864
"39055","Geauga, OH",69129
"39057","Greene, OH",50291
"39059","Guernsey, OH",39878
"39061","Hamilton, OH",59561
"39063","Hancock, OH",51623
"39065","Hardin, OH",33482
"39067","Harrison, OH",38573
"39069","Henry, OH",45884
"39071","Highland, OH",36326
"39073","Hocking, OH",38047
"39075","Holmes, OH",45211
"39077","Huron, OH",40323
"39079","Jackson, OH",35783
"39081","Jefferson, OH",39311
"39083","Knox, OH",42162
"39085","Lake, OH",50729
"39087","Lawrence, OH",38673
"39089","Licking, OH",46059
"39091","Logan, OH",42914
"39093","Lorain, OH",46147
"39095","Lucas, OH",46290
"39097","Madison, OH",41751
"39099","Mahoning, OH",43097
"39101","Marion, OH",38252
"39103","Medina, OH",55691
"39105","Meigs, OH",34067
"39107","Mercer, OH",51562
"39109","Miami, OH",47552
"39111","Monroe, OH",34665
"39113","Montgomery, OH",46891
"39115","Morgan, OH",33180
"39117","Morrow, OH",38666
"39119","Muskingum, OH",40614
"39121","Noble, OH",27211
"39123","Ottawa, OH",51637
"39125","Paulding, OH",41032
"39127","Perry, OH",37187
"39129","Pickaway, OH",41131
"39131","Pike, OH",37443
"39133","Portage, OH",44055
"39135","Preble, OH",40607
"39137","Putnam, OH",50059
"39139","Richland, OH",39234
"39141","Ross, OH",36941
"39143","Sandusky, OH",41624
"39145","Scioto, OH",39080
"39147","Seneca, OH",39681
"39149","Shelby, OH",46188
"39151","Stark, OH",45136
"39153","Summit, OH",51036
"39155","Trumbull, OH",41363
"39157","Tuscarawas, OH",43358
"39159","Union, OH",55470
"39161","Van Wert, OH",42638
"39163","Vinton, OH",33120
"39165","Warren, OH",59799
"39167","Washington, OH",43396
"39169","Wayne, OH",44039
"39171","Williams, OH",41712
"39173","Wood, OH",47694
"39175","Wyandot, OH",45588
"40001","Adair, OK",28862
"40003","Alfalfa, OK",40624
"40005","Atoka, OK",32379
"40007","Beaver, OK",49106
"40009","Beckham, OK",37948
"40011","Blaine, OK",41493
"40013","Bryan, OK",34575
"40015","Caddo, OK",35239
"40017","Canadian, OK",44878
"40019","Carter, OK",43079
"40021","Cherokee, OK",32290
"40023","Choctaw, OK",31885
"40025","Cimarron, OK",60706
"40027","Cleveland, OK",45094
"40029","Coal, OK",33783
"40031","Comanche, OK",41497
"40033","Cotton, OK",41766
"40035","Craig, OK",35718
"40037","Creek, OK",40791
"40039","Custer, OK",41652
"40041","Delaware, OK",31188
"40043","Dewey, OK",44529
"40045","Ellis, OK",51570
"40047","Garfield, OK",44465
"40049","Garvin, OK",38135
"40051","Grady, OK",39675
"40053","Grant, OK",45182
"40055","Greer, OK",26344
"40057","Harmon, OK",35642
"40059","Harper, OK",46436
"40061","Haskell, OK",32365
"40063","Hughes, OK",31833
"40065","Jackson, OK",38527
"40067","Jefferson, OK",32083
"40069","Johnston, OK",36611
"40071","Kay, OK",40881
"40073","Kingfisher, OK",49257
"40075","Kiowa, OK",32546
"40077","Latimer, OK",32707
"40079","Le Flore, OK",32677
"40081","Lincoln, OK",35653
"40083","Logan, OK",43169
"40085","Love, OK",37547
"40087","McClain, OK",45143
"40089","McCurtain, OK",31648
"40091","McIntosh, OK",33267
"40093","Major, OK",43762
"40095","Marshall, OK",32681
"40097","Mayes, OK",35197
"40099","Murray, OK",42289
"40101","Muskogee, OK",36759
"40103","Noble, OK",41401
"40105","Nowata, OK",36165
"40107","Okfuskee, OK",30092
"40109","Oklahoma, OK",52168
"40111","Okmulgee, OK",33971
"40113","Osage, OK",34971
"40115","Ottawa, OK",35746
"40117","Pawnee, OK",35836
"40119","Payne, OK",37159
"40121","Pittsburg, OK",38551
"40123","Pontotoc, OK",43148
"40125","Pottawatomie, OK",37456
"40127","Pushmataha, OK",31395
"40129","Roger Mills, OK",48554
"40131","Rogers, OK",45815
"40133","Seminole, OK",34054
"40135","Sequoyah, OK",33420
"40137","Stephens, OK",41413
"40139","Texas, OK",46597
"40141","Tillman, OK",39961
"40143","Tulsa, OK",62756
"40145","Wagoner, OK",39550
"40147","Washington, OK",64481
"40149","Washita, OK",36490
"40151","Woods, OK",42890
"40153","Woodward, OK",43906
"41001","Baker, OR",40699
"41003","Benton, OR",47019
"41005","Clackamas, OR",58608
"41007","Clatsop, OR",45069
"41009","Columbia, OR",44312
"41011","Coos, OR",43620
"41013","Crook, OR",40945
"41015","Curry, OR",42657
"41017","Deschutes, OR",55143
"41019","Douglas, OR",40408
"41021","Gilliam, OR",48448
"41023","Grant, OR",41939
"41025","Harney, OR",39122
"41027","Hood River, OR",56624
"41029","Jackson, OR",46603
"41031","Jefferson, OR",32962
"41033","Josephine, OR",40977
"41035","Klamath, OR",39891
"41037","Lake, OR",39797
"41039","Lane, OR",45919
"41041","Lincoln, OR",44119
"41043","Linn, OR",42891
"41045","Malheur, OR",30992
"41047","Marion, OR",43042
"41049","Morrow, OR",39095
"41051","Multnomah, OR",57850
"41053","Polk, OR",41379
"41055","Sherman, OR",52296
"41057","Tillamook, OR",44492
"41059","Umatilla, OR",39684
"41061","Union, OR",40547
"41063","Wallowa, OR",45099
"41065","Wasco, OR",43658
"41067","Washington, OR",60971
"41069","Wheeler, OR",37142
"41071","Yamhill, OR",45478
"42001","Adams, PA",49173
"42003","Allegheny, PA",62958
"42005","Armstrong, PA",45510
"42007","Beaver, PA",48763
"42009","Bedford, PA",42889
"42011","Berks, PA",49945
"42013","Blair, PA",46743
"42015","Bradford, PA",41331
"42017","Bucks, PA",73447
"42019","Butler, PA",58927
"42021","Cambria, PA",43420
"42023","Cameron, PA",48651
"42025","Carbon, PA",50322
"42027","Centre, PA",46193
"42029","Chester, PA",82846
"42031","Clarion, PA",41732
"42033","Clearfield, PA",44421
"42035","Clinton, PA",39716
"42037","Columbia, PA",42211
"42039","Crawford, PA",40969
"42041","Cumberland, PA",55141
"42043","Dauphin, PA",51100
"42045","Delaware, PA",66617
"42047","Elk, PA",48886
"42049","Erie, PA",44903
"42051","Fayette, PA",42649
"42053","Forest, PA",22787
"42055","Franklin, PA",46403
"42057","Fulton, PA",45522
"42059","Greene, PA",44751
"42061","Huntingdon, PA",38558
"42063","Indiana, PA",39923
"42065","Jefferson, PA",44136
"42067","Juniata, PA",45277
"42069","Lackawanna, PA",47730
"42071","Lancaster, PA",52664
"42073","Lawrence, PA",43929
"42075","Lebanon, PA",48352
"42077","Lehigh, PA",53614
"42079","Luzerne, PA",45219
"42081","Lycoming, PA",43823
"42083","McKean, PA",45261
"42085","Mercer, PA",43024
"42087","Mifflin, PA",39738
"42089","Monroe, PA",42722
"42091","Montgomery, PA",80606
"42093","Montour, PA",57426
"42095","Northampton, PA",54859
"42097","Northumberland, PA",41712
"42099","Perry, PA",44693
"42101","Philadelphia, PA",55747
"42103","Pike, PA",47864
"42105","Potter, PA",42819
"42107","Schuylkill, PA",42862
"42109","Snyder, PA",42449
"42111","Somerset, PA",42179
"42113","Sullivan, PA",46097
"42115","Susquehanna, PA",45336
"42117","Tioga, PA",41039
"42119","Union, PA",41246
"42121","Venango, PA",42223
"42123","Warren, PA",42875
"42125","Washington, PA",59568
"42127","Wayne, PA",43996
"42129","Westmoreland, PA",52200
"42131","Wyoming, PA",45285
"42133","York, PA",50113
"44001","Bristol, RI",78805
"44003","Kent, RI",59665
"44005","Newport, RI",68679
"44007","Providence, RI",48137
"44009","Washington, RI",64158
"45001","Abbeville, SC",34108
"45003","Aiken, SC",42511
"45005","Allendale, SC",33237
"45007","Anderson, SC",39710
"45009","Bamberg, SC",32858
"45011","Barnwell, SC",33363
"45013","Beaufort, SC",56711
"45015","Berkeley, SC",40415
"45017","Calhoun, SC",38451
"45019","Charleston, SC",61477
"45021","Cherokee, SC",33197
"45023","Chester, SC",34014
"45025","Chesterfield, SC",31012
"45027","Clarendon, SC",33197
"45029","Colleton, SC",35697
"45031","Darlington, SC",37475
"45033","Dillon, SC",27718
"45035","Dorchester, SC",38892
"45037","Edgefield, SC",36436
"45039","Fairfield, SC",36758
"45041","Florence, SC",41833
"45043","Georgetown, SC",47071
"45045","Greenville, SC",48644
"45047","Greenwood, SC",37424
"45049","Hampton, SC",32473
"45051","Horry, SC",37091
"45053","Jasper, SC",29242
"45055","Kershaw, SC",41227
"45057","Lancaster, SC",49127
"45059","Laurens, SC",34622
"45061","Lee, SC",32708
"45063","Lexington, SC",46513
"45065","McCormick, SC",38513
"45067","Marion, SC",31492
"45069","Marlboro, SC",31562
"45071","Newberry, SC",37793
"45073","Oconee, SC",43312
"45075","Orangeburg, SC",33818
"45077","Pickens, SC",38344
"45079","Richland, SC",45529
"45081","Saluda, SC",34455
"45083","Spartanburg, SC",43148
"45085","Sumter, SC",38603
"45087","Union, SC",32745
"45089","Williamsburg, SC",32726
"45091","York, SC",46667
"46003","Aurora, SD",45253
"46005","Beadle, SD",49246
"46007","Bennett, SD",29462
"46009","Bon Homme, SD",38851
"46011","Brookings, SD",46302
"46013","Brown, SD",52652
"46015","Brule, SD",46570
"46017","Buffalo, SD",23341
"46019","Butte, SD",38639
"46021","Campbell, SD",50232
"46023","Charles Mix, SD",44877
"46025","Clark, SD",48261
"46027","Clay, SD",39485
"46029","Codington, SD",49518
"46031","Corson, SD",29927
"46033","Custer, SD",48334
"46035","Davison, SD",50794
"46037","Day, SD",47352
"46039","Deuel, SD",51766
"46041","Dewey, SD",35720
"46043","Douglas, SD",57808
"46045","Edmunds, SD",52029
"46047","Fall River, SD",46885
"46049","Faulk, SD",42762
"46051","Grant, SD",57069
"46053","Gregory, SD",48209
"46055","Haakon, SD",49880
"46057","Hamlin, SD",44209
"46059","Hand, SD",55673
"46061","Hanson, SD",66614
"46063","Harding, SD",51036
"46065","Hughes, SD",52986
"46067","Hutchinson, SD",53179
"46069","Hyde, SD",52133
"46071","Jackson, SD",26835
"46073","Jerauld, SD",54425
"46075","Jones, SD",60001
"46077","Kingsbury, SD",50975
"46079","Lake, SD",52401
"46081","Lawrence, SD",50232
"46083","Lincoln, SD",67364
"46085","Lyman, SD",47431
"46087","McCook, SD",52453
"46089","McPherson, SD",38625
"46091","Marshall, SD",48721
"46093","Meade, SD",43015
"46095","Mellette, SD",28152
"46097","Miner, SD",52938
"46099","Minnehaha, SD",57223
"46101","Moody, SD",49690
"46102","Oglala Lakota, SD*",25047
"46103","Pennington, SD",51369
"46105","Perkins, SD",42195
"46107","Potter, SD",70768
"46109","Roberts, SD",36929
"46111","Sanborn, SD",48731
"46115","Spink, SD",52479
"46117","Stanley, SD",73776
"46119","Sully, SD",76036
"46121","Todd, SD",25157
"46123","Tripp, SD",49835
"46125","Turner, SD",62019
"46127","Union, SD",107497
"46129","Walworth, SD",45924
"46135","Yankton, SD",50275
"46137","Ziebach, SD",20571
"47001","Anderson, TN",41853
"47003","Bedford, TN",37266
"47005","Benton, TN",33661
"47007","Bledsoe, TN",26281
"47009","Blount, TN",42991
"47011","Bradley, TN",39099
"47013","Campbell, TN",33967
"47015","Cannon, TN",36113
"47017","Carroll, TN",35900
"47019","Carter, TN",34579
"47021","Cheatham, TN",43932
"47023","Chester, TN",33642
"47025","Claiborne, TN",35384
"47027","Clay, TN",31013
"47029","Cocke, TN",31942
"47031","Coffee, TN",38656
"47033","Crockett, TN",36560
"47035","Cumberland, TN",36613
"47037","Davidson, TN",66060
"47039","Decatur, TN",42639
"47041","DeKalb, TN",40132
"47043","Dickson, TN",40556
"47045","Dyer, TN",40642
"47047","Fayette, TN",55364
"47049","Fentress, TN",32232
"47051","Franklin, TN",38880
"47053","Gibson, TN",38654
"47055","Giles, TN",38766
"47057","Grainger, TN",33490
"47059","Greene, TN",39971
"47061","Grundy, TN",31011
"47063","Hamblen, TN",36636
"47065","Hamilton, TN",51743
"47067","Hancock, TN",27042
"47069","Hardeman, TN",29430
"47071","Hardin, TN",39387
"47073","Hawkins, TN",34188
"47075","Haywood, TN",32023
"47077","Henderson, TN",35748
"47079","Henry, TN",41989
"47081","Hickman, TN",32780
"47083","Houston, TN",32822
"47085","Humphreys, TN",38665
"47087","Jackson, TN",31189
"47089","Jefferson, TN",35866
"47091","Johnson, TN",32249
"47093","Knox, TN",49738
"47095","Lake, TN",23230
"47097","Lauderdale, TN",29187
"47099","Lawrence, TN",35252
"47101","Lewis, TN",34432
"47103","Lincoln, TN",41388
"47105","Loudon, TN",48491
"47107","McMinn, TN",35897
"47109","McNairy, TN",32573
"47111","Macon, TN",33297
"47113","Madison, TN",42720
"47115","Marion, TN",38450
"47117","Marshall, TN",37550
"47119","Maury, TN",42696
"47121","Meigs, TN",33526
"47123","Monroe, TN",33338
"47125","Montgomery, TN",41031
"47127","Moore, TN",41276
"47129","Morgan, TN",29380
"47131","Obion, TN",40666
"47133","Overton, TN",33701
"47135","Perry, TN",34268
"47137","Pickett, TN",39686
"47139","Polk, TN",33772
"47141","Putnam, TN",39509
"47143","Rhea, TN",34147
"47145","Roane, TN",40980
"47147","Robertson, TN",42104
"47149","Rutherford, TN",41031
"47151","Scott, TN",29758
"47153","Sequatchie, TN",38003
"47155","Sevier, TN",39474
"47157","Shelby, TN",49465
"47159","Smith, TN",37742
"47161","Stewart, TN",39853
"47163","Sullivan, TN",42606
"47165","Sumner, TN",48656
"47167","Tipton, TN",38547
"47169","Trousdale, TN",30090
"47171","Unicoi, TN",37423
"47173","Union, TN",31693
"47175","Van Buren, TN",30770
"47177","Warren, TN",33970
"47179","Washington, TN",43299
"47181","Wayne, TN",28962
"47183","Weakley, TN",37316
"47185","White, TN",32477
"47187","Williamson, TN",94872
"47189","Wilson, TN",49092
"48001","Anderson, TX",34242
"48003","Andrews, TX",50011
"48005","Angelina, TX",38897
"48007","Aransas, TX",48389
"48009","Archer, TX",50310
"48011","Armstrong, TX",47995
"48013","Atascosa, TX",36660
"48015","Austin, TX",50702
"48017","Bailey, TX",42507
"48019","Bandera, TX",43459
"48021","Bastrop, TX",36561
"48023","Baylor, TX",41704
"48025","Bee, TX",28457
"48027","Bell, TX",42773
"48029","Bexar, TX",46058
"48031","Blanco, TX",51968
"48033","Borden, TX",63756
"48035","Bosque, TX",41592
"48037","Bowie, TX",40010
"48039","Brazoria, TX",47239
"48041","Brazos, TX",39216
"48043","Brewster, TX",45652
"48045","Briscoe, TX",35243
"48047","Brooks, TX",33861
"48049","Brown, TX",38830
"48051","Burleson, TX",42629
"48053","Burnet, TX",46516
"48055","Caldwell, TX",33668
"48057","Calhoun, TX",38668
"48059","Callahan, TX",39392
"48061","Cameron, TX",28756
"48063","Camp, TX",38660
"48065","Carson, TX",46373
"48067","Cass, TX",36905
"48069","Castro, TX",42786
"48071","Chambers, TX",53673
"48073","Cherokee, TX",34468
"48075","Childress, TX",30084
"48077","Clay, TX",42335
"48079","Cochran, TX",38312
"48081","Coke, TX",41895
"48083","Coleman, TX",40669
"48085","Collin, TX",65874
"48087","Collingsworth, TX",33039
"48089","Colorado, TX",46821
"48091","Comal, TX",58067
"48093","Comanche, TX",42465
"48095","Concho, TX",19801
"48097","Cooke, TX",54174
"48099","Coryell, TX",33996
"48101","Cottle, TX",57288
"48103","Crane, TX",47758
"48105","Crockett, TX",41472
"48107","Crosby, TX",30773
"48109","Culberson, TX",54180
"48111","Dallam, TX",52148
"48113","Dallas, TX",58993
"48115","Dawson, TX",37111
"48117","Deaf Smith, TX",40470
"48119","Delta, TX",34803
"48121","Denton, TX",55933
"48123","DeWitt, TX",54549
"48125","Dickens, TX",31586
"48127","Dimmit, TX",36639
"48129","Donley, TX",45736
"48131","Duval, TX",36418
"48133","Eastland, TX",71142
"48135","Ector, TX",47271
"48137","Edwards, TX",35182
"48139","Ellis, TX",44313
"48141","El Paso, TX",35856
"48143","Erath, TX",39572
"48145","Falls, TX",34619
"48147","Fannin, TX",37605
"48149","Fayette, TX",53564
"48151","Fisher, TX",46444
"48153","Floyd, TX",37367
"48155","Foard, TX",42954
"48157","Fort Bend, TX",57540
"48159","Franklin, TX",39730
"48161","Freestone, TX",37066
"48163","Frio, TX",27545
"48165","Gaines, TX",36009
"48167","Galveston, TX",51785
"48169","Garza, TX",30072
"48171","Gillespie, TX",60561
"48173","Glasscock, TX",102145
"48175","Goliad, TX",43858
"48177","Gonzales, TX",43342
"48179","Gray, TX",44002
"48181","Grayson, TX",42195
"48183","Gregg, TX",45401
"48185","Grimes, TX",35450
"48187","Guadalupe, TX",44809
"48189","Hale, TX",32263
"48191","Hall, TX",30180
"48193","Hamilton, TX",60744
"48195","Hansford, TX",62998
"48197","Hardeman, TX",38212
"48199","Hardin, TX",45982
"48201","Harris, TX",56474
"48203","Harrison, TX",41917
"48205","Hartley, TX",62463
"48207","Haskell, TX",34530
"48209","Hays, TX",43719
"48211","Hemphill, TX",58484
"48213","Henderson, TX",39627
"48215","Hidalgo, TX",26410
"48217","Hill, TX",39205
"48219","Hockley, TX",38975
"48221","Hood, TX",50741
"48223","Hopkins, TX",39120
"48225","Houston, TX",38081
"48227","Howard, TX",40255
"48229","Hudspeth, TX",32472
"48231","Hunt, TX",38029
"48233","Hutchinson, TX",41550
"48235","Irion, TX",68327
"48237","Jack, TX",44061
"48239","Jackson, TX",41770
"48241","Jasper, TX",40803
"48243","Jeff Davis, TX",42947
"48245","Jefferson, TX",44065
"48247","Jim Hogg, TX",30696
"48249","Jim Wells, TX",40570
"48251","Johnson, TX",41697
"48253","Jones, TX",30559
"48255","Karnes, TX",49593
"48257","Kaufman, TX",42837
"48259","Kendall, TX",84270
"48261","Kenedy, TX",43561
"48263","Kent, TX",54858
"48265","Kerr, TX",50150
"48267","Kimble, TX",43309
"48269","King, TX",55661
"48271","Kinney, TX",30431
"48273","Kleberg, TX",38997
"48275","Knox, TX",38457
"48277","Lamar, TX",40763
"48279","Lamb, TX",38247
"48281","Lampasas, TX",49457
"48283","La Salle, TX",35809
"48285","Lavaca, TX",50919
"48287","Lee, TX",46713
"48289","Leon, TX",40388
"48291","Liberty, TX",37237
"48293","Limestone, TX",35771
"48295","Lipscomb, TX",64757
"48297","Live Oak, TX",35636
"48299","Llano, TX",47476
"48301","Loving, TX",56730
"48303","Lubbock, TX",42569
"48305","Lynn, TX",33119
"48307","McCulloch, TX",37927
"48309","McLennan, TX",41254
"48311","McMullen, TX",72150
"48313","Madison, TX",30435
"48315","Marion, TX",38063
"48317","Martin, TX",56021
"48319","Mason, TX",44601
"48321","Matagorda, TX",40596
"48323","Maverick, TX",30505
"48325","Medina, TX",39403
"48327","Menard, TX",35311
"48329","Midland, TX",124455
"48331","Milam, TX",36135
"48333","Mills, TX",37153
"48335","Mitchell, TX",31913
"48337","Montague, TX",42074
"48339","Montgomery, TX",63605
"48341","Moore, TX",41275
"48343","Morris, TX",43421
"48345","Motley, TX",28938
"48347","Nacogdoches, TX",37755
"48349","Navarro, TX",37922
"48351","Newton, TX",33350
"48353","Nolan, TX",43087
"48355","Nueces, TX",44378
"48357","Ochiltree, TX",57287
"48359","Oldham, TX",49120
"48361","Orange, TX",44938
"48363","Palo Pinto, TX",39125
"48365","Panola, TX",43508
"48367","Parker, TX",53289
"48369","Parmer, TX",44981
"48371","Pecos, TX",36584
"48373","Polk, TX",39438
"48375","Potter, TX",43945
"48377","Presidio, TX",42848
"48379","Rains, TX",33602
"48381","Randall, TX",47966
"48383","Reagan, TX",48253
"48385","Real, TX",34687
"48387","Red River, TX",40648
"48389","Reeves, TX",39418
"48391","Refugio, TX",42606
"48393","Roberts, TX",41971
"48395","Robertson, TX",40394
"48397","Rockwall, TX",61003
"48399","Runnels, TX",39816
"48401","Rusk, TX",36485
"48403","Sabine, TX",34631
"48405","San Augustine, TX",39879
"48407","San Jacinto, TX",34514
"48409","San Patricio, TX",43945
"48411","San Saba, TX",41233
"48413","Schleicher, TX",40136
"48415","Scurry, TX",42095
"48417","Shackelford, TX",130461
"48419","Shelby, TX",41666
"48421","Sherman, TX",49508
"48423","Smith, TX",55229
"48425","Somervell, TX",45756
"48427","Starr, TX",26316
"48429","Stephens, TX",39289
"48431","Sterling, TX",58174
"48433","Stonewall, TX",53416
"48435","Sutton, TX",61478
"48437","Swisher, TX",41977
"48439","Tarrant, TX",51239
"48441","Taylor, TX",45333
"48443","Terrell, TX",48024
"48445","Terry, TX",32062
"48447","Throckmorton, TX",35941
"48449","Titus, TX",34718
"48451","Tom Green, TX",45993
"48453","Travis, TX",67504
"48455","Trinity, TX",34514
"48457","Tyler, TX",32081
"48459","Upshur, TX",36645
"48461","Upton, TX",44545
"48463","Uvalde, TX",39458
"48465","Val Verde, TX",36554
"48467","Van Zandt, TX",38200
"48469","Victoria, TX",46142
"48471","Walker, TX",28016
"48473","Waller, TX",39995
"48475","Ward, TX",49916
"48477","Washington, TX",52265
"48479","Webb, TX",31635
"48481","Wharton, TX",41473
"48483","Wheeler, TX",41801
"48485","Wichita, TX",43170
"48487","Wilbarger, TX",42041
"48489","Willacy, TX",28593
"48491","Williamson, TX",50776
"48493","Wilson, TX",44255
"48495","Winkler, TX",57584
"48497","Wise, TX",43752
"48499","Wood, TX",38152
"48501","Yoakum, TX",41112
"48503","Young, TX",50231
"48505","Zapata, TX",28294
"48507","Zavala, TX",29202
"49001","Beaver, UT",33739
"49003","Box Elder, UT",37390
"49005","Cache, UT",38974
"49007","Carbon, UT",38499
"49009","Daggett, UT",41157
"49011","Davis, UT",46286
"49013","Duchesne, UT",36709
"49015","Emery, UT",33145
"49017","Garfield, UT",36688
"49019","Grand, UT",54010
"49021","Iron, UT",32197
"49023","Juab, UT",36087
"49025","Kane, UT",40257
"49027","Millard, UT",35196
"49029","Morgan, UT",52426
"49031","Piute, UT",33716
"49033","Rich, UT",35436
"49035","Salt Lake, UT",52639
"49037","San Juan, UT",26638
"49039","Sanpete, UT",29209
"49041","Sevier, UT",34117
"49043","Summit, UT",131606
"49045","Tooele, UT",36836
"49047","Uintah, UT",31563
"49049","Utah, UT",40919
"49051","Wasatch, UT",53285
"49053","Washington, UT",38847
"49055","Wayne, UT",39096
"49057","Weber, UT",41853
"50001","Addison, VT",51805
"50003","Bennington, VT",54458
"50005","Caledonia, VT",41246
"50007","Chittenden, VT",60914
"50009","Essex, VT",36008
"50011","Franklin, VT",46220
"50013","Grand Isle, VT",59204
"50015","Lamoille, VT",53953
"50017","Orange, VT",47170
"50019","Orleans, VT",43542
"50021","Rutland, VT",52343
"50023","Washington, VT",60255
"50025","Windham, VT",50925
"50027","Windsor, VT",58116
"51001","Accomack, VA",42764
"51007","Amelia, VA",44774
"51009","Amherst, VA",37160
"51011","Appomattox, VA",38302
"51013","Arlington, VA",95198
"51017","Bath, VA",61628
"51019","Bedford, VA*",46707
"51021","Bland, VA",37321
"51023","Botetourt, VA",50274
"51025","Brunswick, VA",32682
"51027","Buchanan, VA",36229
"51029","Buckingham, VA",30704
"51033","Caroline, VA",41781
"51036","Charles City, VA",45824
"51037","Charlotte, VA",35970
"51041","Chesterfield, VA",53695
"51043","Clarke, VA",67111
"51045","Craig, VA",38185
"51047","Culpeper, VA",46510
"51049","Cumberland, VA",38698
"51051","Dickenson, VA",32354
"51057","Essex, VA",42334
"51061","Fauquier, VA",70787
"51063","Floyd, VA",38903
"51065","Fluvanna, VA",44693
"51067","Franklin, VA",40781
"51071","Giles, VA",40117
"51073","Gloucester, VA",50502
"51075","Goochland, VA",100545
"51077","Grayson, VA",33013
"51079","Greene, VA",44383
"51083","Halifax, VA",37329
"51085","Hanover, VA",60259
"51087","Henrico, VA",66836
"51091","Highland, VA",46113
"51093","Isle of Wight, VA",55308
"51097","King and Queen, VA",43361
"51099","King George, VA",53000
"51101","King William, VA",46612
"51103","Lancaster, VA",60152
"51105","Lee, VA",30303
"51107","Loudoun, VA",78070
"51109","Louisa, VA",42476
"51111","Lunenburg, VA",33755
"51113","Madison, VA",48822
"51115","Mathews, VA",56088
"51117","Mecklenburg, VA",37240
"51119","Middlesex, VA",51213
"51125","Nelson, VA",50717
"51127","New Kent, VA",70743
"51131","Northampton, VA",49313
"51133","Northumberland, VA",52946
"51135","Nottoway, VA",34897
"51137","Orange, VA",49010
"51139","Page, VA",39109
"51141","Patrick, VA",34070
"51145","Powhatan, VA",56607
"51147","Prince Edward, VA",31890
"51155","Pulaski, VA",40443
"51157","Rappahannock, VA",65538
"51159","Richmond, VA",36799
"51167","Russell, VA",33498
"51169","Scott, VA",33769
"51171","Shenandoah, VA",45387
"51173","Smyth, VA",36955
"51179","Stafford, VA",55076
"51181","Surry, VA",46413
"51183","Sussex, VA",31378
"51185","Tazewell, VA",38888
"51187","Warren, VA",46743
"51193","Westmoreland, VA",43166
"51197","Wythe, VA",35608
"51510","Alexandria (Independent City), VA",88008
"51550","Chesapeake (Independent City), VA",50529
"51650","Hampton (Independent City), VA",43547
"51700","Newport News (Independent City), VA",43501
"51710","Norfolk (Independent City), VA",41822
"51740","Portsmouth (Independent City), VA",41169
"51760","Richmond (Independent City), VA",56306
"51770","Roanoke (Independent City), VA",43451
"51800","Suffolk (Independent City), VA",51798
"51810","Virginia Beach (Independent City), VA",58308
"51901","Albemarle + Charlottesville, VA*",74613
"51903","Alleghany + Covington, VA*",40061
"51907","Augusta, Staunton + Waynesboro, VA*",44316
"51911","Campbell + Lynchburg, VA*",37719
"51913","Carroll + Galax, VA*",36023
"51918","Dinwiddie, Colonial Heights + Petersburg, VA*",40352
"51919","Fairfax, Fairfax City + Falls Church, VA*",82441
"51921","Frederick + Winchester, VA*",50802
"51923","Greensville + Emporia, VA*",32391
"51929","Henry + Martinsville, VA*",39367
"51931","James City + Williamsburg, VA*",65906
"51933","Montgomery + Radford, VA*",37759
"51939","Pittsylvania + Danville, VA*",38497
"51941","Prince George + Hopewell, VA*",38779
"51942","Prince William, Manassas + Manassas Park, VA*",54740
"51944","Roanoke + Salem, VA*",52248
"51945","Rockbridge, Buena Vista + Lexington, VA*",40320
"51947","Rockingham + Harrisonburg, VA*",39721
"51949","Southampton + Franklin, VA*",42381
"51951","Spotsylvania + Fredericksburg, VA*",50790
"51953","Washington + Bristol, VA*",40912
"51955","Wise + Norton, VA*",32988
"51958","York + Poquoson, VA*",59113
"53001","Adams, WA",42800
"53003","Asotin, WA",47104
"53005","Benton, WA",47465
"53007","Chelan, WA",54763
"53009","Clallam, WA",46120
"53011","Clark, WA",53423
"53013","Columbia, WA",50073
"53015","Cowlitz, WA",44990
"53017","Douglas, WA",41508
"53019","Ferry, WA",36071
"53021","Franklin, WA",37390
"53023","Garfield, WA",44510
"53025","Grant, WA",39789
"53027","Grays Harbor, WA",40429
"53029","Island, WA",55724
"53031","Jefferson, WA",52580
"53033","King, WA",90438
"53035","Kitsap, WA",56244
"53037","Kittitas, WA",42603
"53039","Klickitat, WA",48654
"53041","Lewis, WA",43453
"53043","Lincoln, WA",46312
"53045","Mason, WA",42767
"53047","Okanogan, WA",42462
"53049","Pacific, WA",41740
"53051","Pend Oreille, WA",41664
"53053","Pierce, WA",52114
"53055","San Juan, WA",76749
"53057","Skagit, WA",53060
"53059","Skamania, WA",45802
"53061","Snohomish, WA",55888
"53063","Spokane, WA",46466
"53065","Stevens, WA",39505
"53067","Thurston, WA",51684
"53069","Wahkiakum, WA",42423
"53071","Walla Walla, WA",46144
"53073","Whatcom, WA",48792
"53075","Whitman, WA",40935
"53077","Yakima, WA",43379
"54001","Barbour, WV",32290
"54003","Berkeley, WV",41201
"54005","Boone, WV",33592
"54007","Braxton, WV",31594
"54009","Brooke, WV",41740
"54011","Cabell, WV",42939
"54013","Calhoun, WV",30155
"54015","Clay, WV",30925
"54017","Doddridge, WV",28862
"54019","Fayette, WV",34577
"54021","Gilmer, WV",28917
"54023","Grant, WV",36691
"54025","Greenbrier, WV",38098
"54027","Hampshire, WV",35068
"54029","Hancock, WV",42128
"54031","Hardy, WV",34150
"54033","Harrison, WV",48226
"54035","Jackson, WV",38147
"54037","Jefferson, WV",49926
"54039","Kanawha, WV",48435
"54041","Lewis, WV",40653
"54043","Lincoln, WV",30549
"54045","Logan, WV",36525
"54047","McDowell, WV",30451
"54049","Marion, WV",41980
"54051","Marshall, WV",41028
"54053","Mason, WV",33318
"54055","Mercer, WV",37452
"54057","Mineral, WV",38815
"54059","Mingo, WV",32051
"54061","Monongalia, WV",44679
"54063","Monroe, WV",30359
"54065","Morgan, WV",34533
"54067","Nicholas, WV",34102
"54069","Ohio, WV",65100
"54071","Pendleton, WV",35140
"54073","Pleasants, WV",43883
"54075","Pocahontas, WV",38172
"54077","Preston, WV",35686
"54079","Putnam, WV",46941
"54081","Raleigh, WV",41115
"54083","Randolph, WV",36533
"54085","Ritchie, WV",37177
"54087","Roane, WV",34770
"54089","Summers, WV",32879
"54091","Taylor, WV",40675
"54093","Tucker, WV",41322
"54095","Tyler, WV",37336
"54097","Upshur, WV",33261
"54099","Wayne, WV",33637
"54101","Webster, WV",27816
"54103","Wetzel, WV",36791
"54105","Wirt, WV",32156
"54107","Wood, WV",42669
"54109","Wyoming, WV",30510
"55001","Adams, WI",38736
"55003","Ashland, WI",41106
"55005","Barron, WI",49431
"55007","Bayfield, WI",48542
"55009","Brown, WI",52821
"55011","Buffalo, WI",44756
"55013","Burnett, WI",42706
"55015","Calumet, WI",50776
"55017","Chippewa, WI",46162
"55019","Clark, WI",40228
"55021","Columbia, WI",51147
"55023","Crawford, WI",41485
"55025","Dane, WI",61304
"55027","Dodge, WI",44799
"55029","Door, WI",63178
"55031","Douglas, WI",43004
"55033","Dunn, WI",39948
"55035","Eau Claire, WI",48240
"55037","Florence, WI",54346
"55039","Fond du Lac, WI",48126
"55041","Forest, WI",41517
"55043","Grant, WI",43310
"55045","Green, WI",51026
"55047","Green Lake, WI",46152
"55049","Iowa, WI",48073
"55051","Iron, WI",51471
"55053","Jackson, WI",46528
"55055","Jefferson, WI",46241
"55057","Juneau, WI",37898
"55059","Kenosha, WI",46874
"55061","Kewaunee, WI",46197
"55063","La Crosse, WI",50107
"55065","Lafayette, WI",43042
"55067","Langlade, WI",43223
"55069","Lincoln, WI",45766
"55071","Manitowoc, WI",47675
"55073","Marathon, WI",50111
"55075","Marinette, WI",44014
"55077","Marquette, WI",41182
"55078","Menominee, WI*",30371
"55079","Milwaukee, WI",47589
"55081","Monroe, WI",41779
"55083","Oconto, WI",45609
"55085","Oneida, WI",51715
"55087","Outagamie, WI",51230
"55089","Ozaukee, WI",83992
"55091","Pepin, WI",47961
"55093","Pierce, WI",45936
"55095","Polk, WI",46514
"55097","Portage, WI",45886
"55099","Price, WI",45320
"55101","Racine, WI",49749
"55103","Richland, WI",43233
"55105","Rock, WI",44204
"55107","Rusk, WI",44199
"55109","St. Croix, WI",55543
"55111","Sauk, WI",48365
"55113","Sawyer, WI",45915
"55115","Shawano, WI*",42290
"55117","Sheboygan, WI",52851
"55119","Taylor, WI",39051
"55121","Trempealeau, WI",44698
"55123","Vernon, WI",40356
"55125","Vilas, WI",53983
"55127","Walworth, WI",50023
"55129","Washburn, WI",47218
"55131","Washington, WI",58601
"55133","Waukesha, WI",72650
"55135","Waupaca, WI",45629
"55137","Waushara, WI",41204
"55139","Winnebago, WI",48101
"55141","Wood, WI",46743
"55901","Shawano (includes Menominee), WI*",
"56001","Albany, WY",40444
"56003","Big Horn, WY",36903
"56005","Campbell, WY",52824
"56007","Carbon, WY",58372
"56009","Converse, WY",55011
"56011","Crook, WY",46081
"56013","Fremont, WY",43633
"56015","Goshen, WY",43348
"56017","Hot Springs, WY",55232
"56019","Johnson, WY",51314
"56021","Laramie, WY",52039
"56023","Lincoln, WY",43049
"56025","Natrona, WY",69379
"56027","Niobrara, WY",51357
"56029","Park, WY",54308
"56031","Platte, WY",48442
"56033","Sheridan, WY",58223
"56035","Sublette, WY",51361
"56037","Sweetwater, WY",53145
"56039","Teton, WY",251728
"56041","Uinta, WY",40280
"56043","Washakie, WY",48184
"56045","Weston, WY",44737
"Legend / Footnotes:"
"2/ Per capita personal income was computed using Census Bureau midyear population estimates. Estimates for 2010-2018 reflect county population estimates available as of March 2019."
"* Cibola, NM was separated from Valencia in June 1981, but in these estimates, Valencia includes Cibola through the end of 1981."
"* La Paz County, AZ was separated from Yuma County on January 1, 1983. The Yuma, AZ MSA contains the area that became La Paz County, AZ through 1982 and excludes it beginning with 1983."
"* Broomfield County, CO, was created from parts of Adams, Boulder, Jefferson, and Weld counties effective November 15, 2001. Estimates for Broomfield county begin with 2002."
"* Shawano, WI and Menominee, WI are combined as Shawano (incl. Menominee), WI for the years prior to 1989."
"* Estimates for 1979 forward reflect Alaska Census Areas as defined by the Census Bureau; those for prior years reflect Alaska Census Divisions as defined in the 1970 Decennial Census. Estimates from 1988 forward separate Aleutian Islands Census Area into Aleutians East Borough and Aleutians West Census Area. Estimates for 1991 forward separate Denali Borough from Yukon-Koyukuk Census Area and Lake and Peninsula Borough from Dillingham Census Area. Estimates from 1993 forward separate Skagway-Yakutat-Angoon Census Area into Skagway-Hoonah-Angoon Census Area and Yakutat Borough. Estimates from 2008 forward separate Skagway-Hoonah-Angoon Census Area into Skagway Municipality and Hoonah-Angoon Census Area. Estimates from 2009 forward separate Wrangell-Petersburg Census Area into Petersburg Census Area and Wrangell City and Borough. In addition, a part of the Prince of Wales-Outer Ketchikan Census Area was annexed by Ketchikan Gateway Borough and part (Meyers Chuck Area) was included in the new Wrangell City and Borough. The remainder of the Prince of Wales-Outer Ketchikan Census Area was renamed Prince of Wales-Hyder Census Area. Petersburg Borough was created from part of former Petersburg Census Area and part of Hoonah-Angoon Census Area for 2013 forward. Prince of Wales-Hyder Census Area added part of the former Petersburg Census Area beginning in 2013. For years 2009-2012, Petersburg Borough reflects the geographic boundaries of the former Petersburg Census Area. Wade Hampton Census Area was renamed Kusilvak Census Area on July 1, 2015."
"* Virginia combination areas consist of one or two independent cities with 1980 populations of less than 100,000 combined with an adjacent county. The county name appears first, followed by the city name(s). Separate estimates for the jurisdictions making up the combination area are not available. Bedford County, VA includes the independent city of Bedford for all years."
"* Shannon County, SD was renamed to Oglala Lakota County, SD on May 1, 2015."
"* Kalawao County, Hawaii is combined with Maui County. Separate estimates for the jurisdictions making up the combination areas are not available."
"Metropolitan Areas are defined (geographically delineated) by the Office of Management and Budget bulletin no. 18-04 issued September 14, 2018."
"Note-- All dollar estimates are in thousands of current dollars (not adjusted for inflation). Calculations are performed on unrounded data."
"(NA) Not available."
"Last updated: November 14, 2019-- new statistics for 2018; revised statistics for 1969-2017."
